project_id,risk_category,duration_proposed_to_scrutiny,duration_scrutiny_to_notification,duration_notification_to_declaration,duration_declaration_to_award,duration_award_to_compensation,duration_compensation_to_possession,duration_possession_to_closed,area_acquired_hectares,dispute_duration_days,pending_approvals_count,avg_approval_turnaround_days,stakeholder_responsiveness_score,compensation_assessed_inr,compensation_disbursed_inr,compensation_disbursed_pct,affected_families,displaced_families,rr_progress_percent,cohort_benchmark_days,legal_dispute_flag,documentation_complete,rr_required,project_type,state,status,dispute_type
PRJ-00000,Medium,57,78,125,82,46,52,36,5.6,11,1,43.9,4.9,74031.0,61090.0,0.8252,49,23,49.0,416,1,1,1,Highway,Karnataka,on_hold,compensation
PRJ-00001,Medium,59,44,113,49,52,64,50,2.71,66,1,33.3,3.4,75120.0,51157.0,0.681,219,38,75.7,701,1,1,0,Railway,Andhra Pradesh,planned,legal_challenge
PRJ-00002,Medium,77,51,82,77,38,119,46,1.63,30,1,33.6,4.1,610871.0,426999.0,0.699,57,4,67.7,449,0,1,1,Power Line,Tamil Nadu,completed,boundary
PRJ-00003,Low,54,42,133,59,48,74,37,7.14,24,0,45.1,4.2,63881.0,60138.0,0.9414,287,67,100.0,721,1,1,0,Power Line,Maharashtra,completed,legal_challenge
PRJ-00004,High,72,42,114,85,92,107,78,1.95,97,0,44.2,1.5,270296.0,0.0,0.0,442,82,46.2,451,0,1,0,Industrial,Telangana,planned,none
PRJ-00005,High,41,46,77,108,71,100,79,2.92,240,0,46.6,0.8,85793.0,44003.0,0.5129,316,160,37.9,673,0,0,1,Resettlement,Tamil Nadu,on_hold,compensation
PRJ-00006,Medium,87,44,147,83,87,118,49,3.65,9,0,28.5,5.6,273287.0,165940.0,0.6072,425,10,55.5,561,1,1,1,Resettlement,Uttar Pradesh,active,title_dispute
PRJ-00007,High,107,57,129,111,73,138,83,4.42,132,4,21.5,0.6,85058.0,26036.0,0.3061,78,16,39.0,526,0,1,0,Industrial,Karnataka,on_hold,compensation
PRJ-00008,Medium,46,52,167,57,74,98,43,2.36,15,1,39.8,5.8,182653.0,106414.0,0.5826,257,18,69.6,424,0,1,1,Railway,Uttar Pradesh,completed,boundary
PRJ-00009,Medium,41,59,126,39,70,65,61,6.88,91,3,26.3,1.6,43120.0,33681.0,0.7811,133,103,43.4,405,0,0,0,Railway,Uttar Pradesh,planned,encroachment
PRJ-00010,Medium,87,56,110,61,44,117,74,1.42,23,2,24.2,3.8,1010147.0,772863.0,0.7651,6,4,59.9,768,0,1,1,Power Line,Rajasthan,on_hold,none
PRJ-00011,Medium,34,47,123,103,82,70,67,2.46,51,1,46.1,0.9,667172.0,295757.0,0.4433,196,119,37.9,676,1,1,0,Power Line,Karnataka,on_hold,title_dispute
PRJ-00012,Low,43,38,160,57,90,77,63,39.95,3,0,32.1,3.8,704871.0,540143.0,0.7663,127,5,100.0,690,0,1,1,Railway,Maharashtra,on_hold,encroachment
PRJ-00013,High,107,82,159,89,39,131,61,3.12,185,1,26.2,5.0,75399.0,28267.0,0.3749,140,59,39.8,710,0,0,0,Railway,Karnataka,active,compensation
PRJ-00014,Critical,97,48,153,149,63,116,86,9.01,330,4,43.6,3.3,65785.0,7098.0,0.1079,229,164,58.3,631,1,0,1,Power Line,Gujarat,on_hold,encroachment
PRJ-00015,Medium,84,58,122,102,93,63,48,5.11,7,0,7.0,3.1,278161.0,190652.0,0.6854,122,6,94.3,416,1,1,1,Railway,Telangana,active,legal_challenge
PRJ-00016,High,53,61,140,70,82,55,40,30.3,157,3,40.1,5.3,315878.0,103734.0,0.3284,129,80,58.9,608,0,0,1,Resettlement,Gujarat,completed,compensation
PRJ-00017,Medium,70,41,73,133,93,101,56,3.43,12,0,18.8,1.6,1087737.0,1041399.0,0.9574,36,11,68.8,573,0,0,1,Resettlement,Uttar Pradesh,completed,encroachment
PRJ-00018,Medium,67,49,106,105,37,56,38,3.71,59,2,10.4,6.9,139013.0,125751.0,0.9046,132,92,36.4,438,0,1,0,Industrial,Gujarat,completed,compensation
PRJ-00019,High,99,42,130,121,91,136,76,3.81,112,1,37.2,5.1,1111045.0,555745.0,0.5002,213,82,0.0,509,0,1,1,Power Line,Maharashtra,planned,none
PRJ-00020,Medium,101,50,160,118,51,46,40,3.04,101,2,22.5,3.6,95489.0,85434.0,0.8947,343,197,76.1,479,0,1,1,Border Infrastructure,Maharashtra,on_hold,encroachment
PRJ-00021,Low,74,64,80,43,76,98,84,1.07,12,0,47.7,0.6,84181.0,84181.0,1.0,475,324,95.3,480,0,1,1,Highway,Andhra Pradesh,on_hold,none
PRJ-00022,High,77,82,129,41,109,63,61,20.69,177,0,29.7,3.1,27038.0,7111.0,0.263,487,346,23.2,526,1,1,1,Highway,Tamil Nadu,planned,title_dispute
PRJ-00023,High,52,64,83,102,78,126,58,7.32,189,5,10.6,5.2,220959.0,54886.0,0.2484,166,124,37.7,504,0,1,1,Railway,Maharashtra,planned,encroachment
PRJ-00024,Medium,44,84,101,71,87,127,84,2.63,11,0,9.6,7.3,1715214.0,1166346.0,0.68,239,118,53.3,688,0,0,1,Power Line,Tamil Nadu,on_hold,encroachment
PRJ-00025,High,38,68,86,68,58,120,78,6.65,166,3,25.6,3.1,323358.0,53516.0,0.1655,85,29,12.3,678,0,1,0,Industrial,Rajasthan,on_hold,none
PRJ-00026,Low,37,52,160,71,68,87,48,11.71,7,0,54.6,5.4,703951.0,512828.0,0.7285,64,45,80.7,780,1,1,1,Highway,Andhra Pradesh,on_hold,title_dispute
PRJ-00027,Medium,66,50,117,49,108,138,63,0.97,120,1,49.8,2.5,1491045.0,1331503.0,0.893,263,102,58.7,426,1,0,1,Resettlement,Rajasthan,active,title_dispute
PRJ-00028,Medium,111,43,117,72,107,111,70,0.63,22,1,20.0,1.3,256151.0,170981.0,0.6675,87,51,67.3,682,0,1,1,Resettlement,Uttar Pradesh,planned,none
PRJ-00029,Low,77,76,134,47,54,40,77,1.5,6,0,41.9,4.4,103177.0,103177.0,1.0,80,27,98.1,421,1,1,1,Highway,Karnataka,active,legal_challenge
PRJ-00030,Medium,65,70,110,81,92,69,40,14.75,12,1,16.7,6.3,1420484.0,989509.0,0.6966,404,180,85.8,608,1,1,1,Resettlement,Maharashtra,active,title_dispute
PRJ-00031,High,90,79,130,118,108,140,51,4.43,10,1,19.2,3.9,297949.0,0.0,0.0,382,282,21.9,800,0,1,0,Industrial,Tamil Nadu,active,compensation
PRJ-00032,Low,38,37,74,45,41,82,38,8.15,2,0,31.1,2.6,79737.0,62665.0,0.7859,118,18,77.3,635,1,1,1,Resettlement,Gujarat,active,title_dispute
PRJ-00033,Low,46,37,78,70,47,64,52,4.13,32,0,49.0,2.0,64180.0,44977.0,0.7008,447,24,72.0,795,1,1,0,Industrial,Gujarat,planned,title_dispute
PRJ-00034,Low,52,49,110,60,57,93,33,8.86,15,0,54.2,1.9,183363.0,103307.0,0.5634,302,232,91.5,535,0,1,1,Power Line,Uttar Pradesh,on_hold,none
PRJ-00035,High,74,64,76,94,69,95,49,5.34,87,3,42.4,5.1,161952.0,65607.0,0.4051,27,15,18.1,400,0,1,0,Border Infrastructure,West Bengal,planned,encroachment
PRJ-00036,Critical,87,50,122,100,100,118,64,4.58,160,4,18.0,3.3,63641.0,0.0,0.0,344,233,0.0,768,0,1,1,Resettlement,Gujarat,completed,none
PRJ-00037,Medium,50,73,78,80,62,136,40,6.12,19,0,52.6,3.2,73213.0,53021.0,0.7242,220,117,81.7,594,1,1,1,Resettlement,Uttar Pradesh,completed,title_dispute
PRJ-00038,Medium,80,53,141,68,67,87,61,3.11,0,2,38.6,3.3,243194.0,78236.0,0.3217,151,25,45.9,696,0,1,1,Railway,Tamil Nadu,on_hold,encroachment
PRJ-00039,Low,53,39,72,139,52,102,42,10.86,7,0,37.8,6.2,34581.0,31279.0,0.9045,268,142,74.0,717,1,1,0,Railway,Gujarat,completed,title_dispute
PRJ-00040,High,110,52,87,122,91,129,50,2.79,60,0,14.0,3.0,768643.0,282630.0,0.3677,28,5,14.5,643,0,1,1,Power Line,Gujarat,on_hold,compensation
PRJ-00041,Medium,65,70,110,76,68,71,66,1.27,29,0,54.5,2.0,187856.0,57221.0,0.3046,462,277,77.2,794,0,1,1,Industrial,Telangana,completed,encroachment
PRJ-00042,Medium,46,66,115,78,94,102,41,1.87,15,1,45.9,0.9,297465.0,285061.0,0.9583,73,46,67.4,741,1,1,0,Border Infrastructure,Andhra Pradesh,planned,legal_challenge
PRJ-00043,Medium,49,72,88,80,89,61,49,9.69,36,3,40.3,6.3,248065.0,49191.0,0.1983,235,48,77.8,526,1,1,1,Border Infrastructure,West Bengal,completed,legal_challenge
PRJ-00044,Medium,70,79,91,92,72,94,35,18.65,160,1,55.7,3.3,29448.0,25879.0,0.8788,125,27,48.3,563,0,0,1,Border Infrastructure,Andhra Pradesh,active,boundary
PRJ-00045,Medium,99,75,101,48,110,107,39,34.16,45,1,26.9,2.5,67901.0,39627.0,0.5836,174,75,53.8,612,1,0,0,Power Line,Uttar Pradesh,active,title_dispute
PRJ-00046,Medium,71,76,103,73,83,80,47,1.82,1,1,14.7,1.8,128564.0,127201.0,0.9894,157,94,78.9,614,1,1,0,Railway,Uttar Pradesh,planned,legal_challenge
PRJ-00047,Medium,35,60,86,129,48,71,39,4.48,67,0,37.7,3.7,447495.0,274001.0,0.6123,204,54,64.5,747,0,1,0,Industrial,Telangana,completed,compensation
PRJ-00048,High,43,61,129,53,92,92,63,0.85,200,0,35.8,0.9,111054.0,14059.0,0.1266,47,24,29.1,469,0,0,1,Railway,Tamil Nadu,planned,encroachment
PRJ-00049,Medium,76,52,71,57,80,92,35,2.55,65,1,42.0,1.5,133851.0,55963.0,0.4181,390,296,76.9,615,0,0,1,Industrial,West Bengal,completed,boundary
PRJ-00050,High,52,53,142,123,98,90,69,2.65,216,0,54.3,2.8,2296807.0,563407.0,0.2453,391,9,50.7,526,0,0,1,Highway,Andhra Pradesh,on_hold,compensation
PRJ-00051,High,67,60,135,80,88,92,66,1.1,192,2,57.2,1.3,155370.0,40054.0,0.2578,243,135,32.2,792,0,1,0,Industrial,Tamil Nadu,active,encroachment
PRJ-00052,High,65,63,132,76,55,118,85,1.6,92,3,20.0,4.8,372427.0,233549.0,0.6271,208,156,49.2,501,1,1,0,Industrial,Karnataka,on_hold,none
PRJ-00053,Medium,61,34,94,126,99,101,66,2.01,36,0,55.3,3.0,4654.0,2341.0,0.5031,182,77,29.1,738,1,1,0,Power Line,Karnataka,on_hold,title_dispute
PRJ-00054,Low,38,54,81,61,48,58,59,7.09,19,0,31.2,0.5,212895.0,165909.0,0.7793,367,44,91.3,490,0,1,1,Highway,West Bengal,completed,encroachment
PRJ-00055,Medium,72,61,105,106,49,51,66,21.76,131,1,28.9,2.2,361817.0,249220.0,0.6888,170,115,32.9,444,0,1,0,Railway,Rajasthan,completed,encroachment
PRJ-00056,Low,49,33,145,40,100,61,36,10.5,4,0,45.3,1.9,800759.0,766567.0,0.9573,254,43,72.2,532,0,1,0,Railway,Telangana,completed,boundary
PRJ-00057,High,71,88,173,53,103,142,54,8.63,40,2,6.9,2.4,118195.0,5201.0,0.044,373,121,15.4,684,1,1,0,Railway,Rajasthan,planned,legal_challenge
PRJ-00058,Medium,91,70,96,108,39,85,45,1.95,60,0,44.9,4.1,9004.0,8213.0,0.9121,161,85,48.3,588,0,1,1,Border Infrastructure,Madhya Pradesh,planned,none
PRJ-00059,Medium,97,62,99,42,96,41,74,7.93,70,1,48.9,1.8,58387.0,58387.0,1.0,123,11,49.2,498,1,1,1,Resettlement,Andhra Pradesh,on_hold,title_dispute
PRJ-00060,Medium,91,83,128,68,59,95,43,3.52,53,0,20.8,3.4,26606.0,26087.0,0.9805,375,176,75.2,789,0,1,1,Power Line,Andhra Pradesh,active,compensation
PRJ-00061,Medium,100,50,112,50,112,54,76,11.4,1,1,33.2,5.7,66278.0,45937.0,0.6931,69,15,99.9,427,0,1,1,Resettlement,Gujarat,active,boundary
PRJ-00062,High,50,86,165,138,117,76,65,8.47,255,3,13.5,5.1,56646.0,24743.0,0.4368,245,93,39.7,574,1,0,0,Power Line,Tamil Nadu,completed,none
PRJ-00063,Medium,49,75,103,60,98,131,74,6.92,145,0,35.3,6.6,24686.0,12382.0,0.5016,82,9,77.7,688,0,0,1,Highway,Madhya Pradesh,planned,encroachment
PRJ-00064,High,49,51,137,55,97,95,62,11.76,188,1,24.1,5.2,325730.0,170031.0,0.522,402,168,57.0,630,1,1,1,Highway,Gujarat,completed,legal_challenge
PRJ-00065,Medium,97,75,137,118,87,105,65,2.67,17,0,53.4,3.8,46614.0,23545.0,0.5051,490,298,37.2,720,0,1,1,Railway,Rajasthan,completed,boundary
PRJ-00066,Low,83,47,60,48,64,133,53,8.19,0,0,34.7,0.8,89137.0,87203.0,0.9783,154,4,100.0,547,0,1,1,Railway,Tamil Nadu,planned,compensation
PRJ-00067,Low,68,75,73,121,72,40,42,3.35,13,0,37.0,3.4,197147.0,152473.0,0.7734,470,99,94.2,472,0,1,1,Resettlement,Gujarat,active,encroachment
PRJ-00068,Low,78,33,66,57,59,96,58,1.15,43,0,59.8,3.2,124666.0,83701.0,0.6714,363,116,98.2,539,0,1,1,Railway,Rajasthan,on_hold,encroachment
PRJ-00069,Medium,42,60,118,61,102,53,50,4.09,11,0,40.1,2.8,119390.0,59611.0,0.4993,497,268,96.6,694,1,1,1,Border Infrastructure,Maharashtra,on_hold,legal_challenge
PRJ-00070,High,95,58,164,65,96,108,69,6.47,156,3,39.4,2.5,340138.0,134082.0,0.3942,474,105,80.0,699,0,1,0,Railway,Rajasthan,planned,compensation
PRJ-00071,Medium,52,54,77,86,56,105,48,3.59,17,0,9.0,1.2,77358.0,64679.0,0.8361,173,56,74.3,653,0,1,1,Resettlement,Madhya Pradesh,completed,boundary
PRJ-00072,Medium,85,36,108,51,54,138,42,30.62,51,0,43.6,3.5,172214.0,83558.0,0.4852,400,129,64.3,663,0,0,1,Highway,Andhra Pradesh,completed,none
PRJ-00073,Low,66,59,131,53,45,46,57,19.1,34,1,52.9,3.8,833605.0,833605.0,1.0,325,114,84.2,426,0,1,0,Border Infrastructure,Andhra Pradesh,completed,none
PRJ-00074,Low,54,54,98,88,35,35,38,1.96,9,0,48.4,0.7,140794.0,137795.0,0.9787,368,46,98.9,682,0,1,1,Power Line,Madhya Pradesh,completed,none
PRJ-00075,High,66,75,89,49,71,104,81,9.45,212,3,28.4,6.0,3277546.0,1257267.0,0.3836,265,149,16.2,612,1,1,0,Border Infrastructure,Karnataka,planned,title_dispute
PRJ-00076,Medium,94,48,88,81,96,54,56,13.48,58,1,12.2,3.5,105110.0,96501.0,0.9181,387,272,75.4,435,0,1,1,Border Infrastructure,Gujarat,active,encroachment
PRJ-00077,High,81,66,121,108,61,93,84,8.55,217,5,22.9,2.0,108164.0,31292.0,0.2893,448,53,8.2,675,0,1,1,Resettlement,Andhra Pradesh,planned,boundary
PRJ-00078,Critical,78,80,133,85,95,124,52,8.83,310,2,31.1,4.1,1141790.0,89745.0,0.0786,297,90,10.1,797,0,0,1,Border Infrastructure,Andhra Pradesh,completed,boundary
PRJ-00079,Critical,75,44,145,144,47,71,69,3.85,61,7,32.9,3.2,320874.0,75341.0,0.2348,499,235,0.0,451,0,1,0,Border Infrastructure,Uttar Pradesh,active,encroachment
PRJ-00080,High,88,75,101,49,76,124,55,5.59,68,0,29.4,1.4,41120.0,6546.0,0.1592,245,153,18.4,535,0,1,1,Highway,Madhya Pradesh,active,encroachment
PRJ-00081,High,80,67,153,101,42,130,69,1.89,156,5,41.2,4.6,253963.0,91528.0,0.3604,23,11,42.3,520,0,1,1,Resettlement,Karnataka,completed,boundary
PRJ-00082,Critical,113,82,149,131,113,105,63,10.36,316,0,46.9,2.4,109963.0,0.0,0.0,232,30,2.4,553,0,0,0,Power Line,Gujarat,planned,encroachment
PRJ-00083,Low,51,45,93,88,54,67,41,1.59,39,0,9.0,1.2,1624917.0,1624917.0,1.0,294,160,80.6,492,0,1,1,Resettlement,Rajasthan,on_hold,encroachment
PRJ-00084,High,91,69,78,96,83,102,73,28.87,66,2,47.1,4.0,293058.0,0.0,0.0,241,122,4.5,635,1,0,0,Railway,Uttar Pradesh,active,encroachment
PRJ-00085,Medium,71,50,102,74,90,89,52,15.05,77,1,20.0,4.0,128177.0,74253.0,0.5793,332,255,35.8,753,0,1,1,Power Line,Rajasthan,active,none
PRJ-00086,Medium,81,42,117,67,106,82,69,2.82,69,1,39.8,1.8,289514.0,138446.0,0.4782,363,85,51.9,737,0,0,0,Border Infrastructure,Uttar Pradesh,planned,compensation
PRJ-00087,High,91,63,157,132,77,81,76,8.52,90,3,28.3,1.7,50361.0,0.0,0.0,117,59,27.1,717,0,1,0,Railway,Maharashtra,completed,boundary
PRJ-00088,High,92,76,104,59,41,107,67,1.31,102,4,26.5,2.7,162247.0,31297.0,0.1929,22,10,60.0,774,1,0,0,Power Line,Tamil Nadu,planned,title_dispute
PRJ-00089,Medium,59,61,120,139,44,47,61,1.22,55,1,9.4,4.8,55997.0,45134.0,0.806,276,110,68.4,539,0,1,0,Power Line,West Bengal,completed,compensation
PRJ-00090,Medium,46,70,99,90,97,98,60,1.75,17,0,41.8,2.1,188085.0,74388.0,0.3955,391,302,38.3,746,0,1,1,Resettlement,Madhya Pradesh,on_hold,none
PRJ-00091,Low,59,33,91,91,47,81,63,7.42,3,0,56.0,1.8,524456.0,524456.0,1.0,237,69,100.0,783,0,1,1,Resettlement,Andhra Pradesh,planned,encroachment
PRJ-00092,Low,35,60,69,100,78,86,31,1.9,7,0,24.8,1.4,470774.0,355105.0,0.7543,473,230,65.2,731,0,1,1,Highway,West Bengal,active,encroachment
PRJ-00093,Low,67,51,148,71,112,107,40,3.16,2,0,53.3,3.8,400069.0,330137.0,0.8252,257,23,74.7,520,0,1,1,Power Line,Rajasthan,completed,none
PRJ-00094,High,60,70,117,138,88,120,47,32.2,163,3,47.1,5.5,179142.0,39984.0,0.2232,485,369,31.7,416,0,0,1,Border Infrastructure,Andhra Pradesh,active,encroachment
PRJ-00095,Medium,38,43,161,85,106,78,50,0.44,121,1,10.8,2.6,23772.0,14025.0,0.59,36,11,85.6,497,1,1,1,Resettlement,Gujarat,planned,title_dispute
PRJ-00096,Medium,47,87,83,110,113,76,48,3.34,6,0,10.6,1.6,54552.0,24434.0,0.4479,407,108,53.9,464,1,1,1,Highway,Madhya Pradesh,active,title_dispute
PRJ-00097,Medium,53,57,106,69,45,114,50,2.99,25,1,27.8,0.8,510577.0,341423.0,0.6687,401,47,39.5,705,1,0,1,Highway,Gujarat,active,legal_challenge
PRJ-00098,Low,34,41,124,44,62,49,32,2.02,1,0,35.1,3.9,153256.0,131111.0,0.8555,12,3,100.0,521,0,0,1,Industrial,Tamil Nadu,on_hold,compensation
PRJ-00099,Low,53,46,96,97,92,126,63,11.18,3,0,29.1,1.2,648245.0,648245.0,1.0,234,145,93.1,662,1,1,1,Power Line,Tamil Nadu,completed,legal_challenge
PRJ-00100,High,93,71,87,106,60,121,68,3.73,263,6,9.7,3.6,1141915.0,521741.0,0.4569,159,58,11.8,415,1,0,1,Railway,Gujarat,planned,title_dispute
PRJ-00101,High,91,51,102,61,91,118,56,7.28,161,0,26.0,4.3,40602.0,15380.0,0.3788,465,30,61.2,711,1,0,0,Border Infrastructure,Uttar Pradesh,planned,encroachment
PRJ-00102,Critical,48,88,166,94,118,122,75,8.14,269,3,41.1,3.0,118711.0,0.0,0.0,237,95,0.0,620,1,1,0,Railway,Telangana,on_hold,encroachment
PRJ-00103,Medium,70,62,158,69,51,65,75,1.53,52,2,49.9,3.2,48028.0,31055.0,0.6466,178,117,65.9,604,0,0,1,Power Line,Andhra Pradesh,active,encroachment
PRJ-00104,High,106,76,108,115,116,141,41,4.16,31,0,44.9,2.5,17363.0,2410.0,0.1388,430,29,33.2,621,1,0,1,Resettlement,Rajasthan,active,title_dispute
PRJ-00105,Critical,97,71,124,118,103,139,76,2.72,274,4,30.4,2.6,40535.0,65.0,0.0016,348,34,0.0,581,1,1,0,Industrial,West Bengal,planned,legal_challenge
PRJ-00106,High,94,51,129,110,84,70,57,5.6,108,0,5.3,6.7,30963.0,16847.0,0.5441,300,121,34.4,479,0,0,1,Power Line,Uttar Pradesh,planned,boundary
PRJ-00107,High,116,57,120,108,100,100,58,17.2,125,4,5.2,1.0,68906.0,21740.0,0.3155,397,259,81.0,714,0,1,1,Resettlement,Andhra Pradesh,planned,boundary
PRJ-00108,Low,71,36,109,78,65,81,59,2.72,64,0,50.4,2.8,61458.0,51459.0,0.8373,476,129,100.0,403,0,1,0,Power Line,Telangana,on_hold,none
PRJ-00109,High,81,49,119,98,53,78,70,5.22,82,4,28.2,3.9,240986.0,43233.0,0.1794,219,79,41.7,480,0,1,0,Industrial,Karnataka,planned,none
PRJ-00110,Low,65,54,80,61,52,37,33,2.94,49,0,33.5,2.8,121489.0,115062.0,0.9471,350,22,76.5,626,0,1,1,Railway,Telangana,planned,none
PRJ-00111,Medium,69,57,88,52,84,85,56,9.21,62,3,13.7,3.4,68861.0,37880.0,0.5501,274,146,54.0,423,0,1,1,Industrial,Rajasthan,planned,boundary
PRJ-00112,High,70,56,162,82,71,121,65,2.94,113,3,8.4,2.5,29836.0,11433.0,0.3832,66,0,19.4,782,0,0,1,Resettlement,Gujarat,active,compensation
PRJ-00113,High,39,66,164,97,104,50,59,9.09,191,2,59.0,2.2,381011.0,203688.0,0.5346,41,13,43.6,779,1,0,1,Power Line,Andhra Pradesh,active,legal_challenge
PRJ-00114,Medium,76,52,85,59,57,68,72,10.11,132,2,11.3,2.1,143778.0,61796.0,0.4298,153,14,40.6,410,1,1,1,Resettlement,Karnataka,completed,legal_challenge
PRJ-00115,Critical,114,83,154,108,85,122,72,4.28,41,5,8.4,4.7,63403.0,12725.0,0.2007,437,37,0.0,623,1,1,0,Railway,Tamil Nadu,completed,title_dispute
PRJ-00116,Medium,59,65,112,61,94,115,72,2.98,28,0,18.1,3.1,148514.0,77198.0,0.5198,266,134,67.9,671,0,1,1,Resettlement,Uttar Pradesh,on_hold,compensation
PRJ-00117,Low,59,36,113,102,52,96,79,9.07,13,0,16.2,0.5,967256.0,967256.0,1.0,93,44,100.0,789,0,1,1,Resettlement,West Bengal,active,compensation
PRJ-00118,Critical,93,52,156,132,78,136,84,3.84,267,4,20.2,2.2,120657.0,0.0,0.0,447,347,0.0,561,1,0,1,Border Infrastructure,Madhya Pradesh,completed,title_dispute
PRJ-00119,High,100,73,125,136,74,140,67,5.27,106,4,39.9,1.2,2396174.0,1086425.0,0.4534,42,10,28.8,631,1,1,1,Power Line,Madhya Pradesh,on_hold,boundary
PRJ-00120,High,98,73,127,108,68,92,73,7.22,12,4,30.3,5.4,369064.0,92893.0,0.2517,470,304,33.5,733,0,1,0,Railway,Karnataka,completed,encroachment
PRJ-00121,Critical,82,69,162,125,100,100,84,3.23,42,7,30.9,2.6,976775.0,0.0,0.0,335,46,0.0,526,0,1,0,Border Infrastructure,Maharashtra,planned,boundary
PRJ-00122,Critical,108,60,152,125,91,93,56,6.82,181,5,6.8,5.9,481863.0,103890.0,0.2156,401,108,0.0,706,1,1,1,Industrial,Telangana,on_hold,boundary
PRJ-00123,Medium,96,60,111,50,62,73,70,8.74,84,0,35.1,3.1,116682.0,97114.0,0.8323,175,11,68.3,739,0,1,1,Highway,West Bengal,completed,boundary
PRJ-00124,High,102,70,144,42,108,108,54,8.17,183,2,50.6,4.1,41521.0,19079.0,0.4595,421,43,15.8,759,0,1,0,Industrial,Uttar Pradesh,planned,boundary
PRJ-00125,Medium,74,49,99,101,41,120,71,3.54,66,1,41.7,3.8,489655.0,248892.0,0.5083,97,73,65.1,574,1,1,1,Highway,Andhra Pradesh,completed,legal_challenge
PRJ-00126,Low,114,69,103,41,86,80,38,3.08,23,0,10.2,2.5,433620.0,433620.0,1.0,264,162,57.4,778,0,0,1,Industrial,Madhya Pradesh,active,compensation
PRJ-00127,Medium,58,63,110,113,58,81,56,2.58,57,0,37.5,0.9,110760.0,39563.0,0.3572,374,130,90.1,610,0,1,0,Industrial,Telangana,completed,compensation
PRJ-00128,High,81,69,122,100,47,74,56,5.03,84,3,31.0,4.9,42553.0,14132.0,0.3321,467,311,43.5,588,0,1,1,Resettlement,Telangana,completed,compensation
PRJ-00129,Medium,35,49,76,57,67,112,62,4.51,107,1,33.2,3.4,43074.0,23725.0,0.5508,423,67,51.3,709,1,1,0,Border Infrastructure,Madhya Pradesh,on_hold,encroachment
PRJ-00130,High,107,68,152,146,60,87,64,0.79,53,3,28.2,4.1,648146.0,29555.0,0.0456,47,28,17.6,539,1,1,0,Railway,West Bengal,planned,title_dispute
PRJ-00131,High,100,49,129,106,81,69,66,2.74,11,5,46.3,3.6,950043.0,0.0,0.0,32,10,14.6,591,1,1,1,Highway,Uttar Pradesh,active,encroachment
PRJ-00132,Critical,111,79,100,139,52,114,51,8.22,339,4,5.6,0.8,8612.0,1858.0,0.2157,410,47,19.7,419,0,1,0,Industrial,West Bengal,planned,boundary
PRJ-00133,High,98,69,121,107,67,82,72,12.55,24,0,29.6,3.0,10626.0,2614.0,0.246,136,23,10.9,476,0,1,0,Power Line,Tamil Nadu,completed,encroachment
PRJ-00134,Low,66,59,117,61,43,65,37,11.44,14,0,54.0,1.6,19555.0,19555.0,1.0,332,210,85.6,634,0,1,1,Resettlement,Karnataka,active,boundary
PRJ-00135,Medium,66,66,127,82,60,140,59,2.53,63,1,42.9,3.8,139638.0,79105.0,0.5665,154,52,32.0,714,1,1,0,Railway,Madhya Pradesh,planned,title_dispute
PRJ-00136,Critical,43,81,140,93,114,70,87,3.36,33,7,22.3,2.2,16163.0,0.0,0.0,283,114,10.5,659,1,1,1,Power Line,Tamil Nadu,planned,legal_challenge
PRJ-00137,Medium,47,55,109,99,88,72,46,0.88,2,1,19.3,1.4,688405.0,262558.0,0.3814,408,22,72.1,523,0,1,1,Highway,Madhya Pradesh,completed,boundary
PRJ-00138,Low,66,48,89,140,89,78,51,1.85,12,0,39.1,3.2,16535.0,16535.0,1.0,421,216,99.6,798,0,1,1,Power Line,Telangana,on_hold,compensation
PRJ-00139,High,104,49,154,67,100,85,80,18.45,181,0,56.9,3.7,238687.0,103351.0,0.433,155,24,0.7,502,1,1,1,Industrial,Tamil Nadu,planned,title_dispute
PRJ-00140,Medium,57,68,111,89,73,93,74,2.28,8,1,58.9,4.8,935381.0,454315.0,0.4857,151,43,50.6,799,1,0,0,Railway,Rajasthan,completed,legal_challenge
PRJ-00141,Critical,90,74,169,45,88,123,78,10.0,200,5,43.1,2.7,42552.0,0.0,0.0,178,138,3.0,654,0,1,1,Highway,Rajasthan,on_hold,encroachment
PRJ-00142,Medium,37,66,142,103,52,104,68,8.89,93,0,41.2,3.1,47555.0,27140.0,0.5707,284,66,32.9,452,1,0,1,Resettlement,Andhra Pradesh,planned,title_dispute
PRJ-00143,High,49,60,93,122,109,57,83,1.21,61,5,33.7,2.1,124391.0,37168.0,0.2988,184,65,25.8,772,1,1,1,Resettlement,Rajasthan,completed,legal_challenge
PRJ-00144,Medium,69,53,110,118,105,91,78,2.54,18,0,22.7,0.8,13638.0,8199.0,0.6012,348,177,23.2,586,0,1,1,Railway,West Bengal,completed,boundary
PRJ-00145,Low,91,50,96,77,68,41,58,5.86,15,0,18.3,3.3,28755.0,25500.0,0.8868,190,58,76.3,690,1,1,1,Industrial,Maharashtra,completed,none
PRJ-00146,High,78,54,93,102,45,110,55,9.13,155,2,5.0,1.7,44906.0,29243.0,0.6512,208,52,38.5,542,0,0,1,Resettlement,West Bengal,completed,none
PRJ-00147,Low,47,67,86,98,92,65,73,2.41,15,0,25.8,1.3,356242.0,256138.0,0.719,114,90,91.1,546,1,1,0,Border Infrastructure,Tamil Nadu,completed,legal_challenge
PRJ-00148,High,87,80,131,74,49,108,63,4.73,164,3,7.7,3.4,18728.0,9478.0,0.5061,49,31,33.7,563,0,1,1,Highway,Gujarat,active,none
PRJ-00149,Critical,49,78,131,130,106,80,74,1.44,309,1,31.0,2.0,53476.0,3476.0,0.065,411,118,34.0,514,1,0,1,Railway,Andhra Pradesh,on_hold,boundary
PRJ-00150,High,68,66,117,107,60,123,54,8.57,136,4,25.2,0.5,16515.0,3320.0,0.201,71,34,39.5,444,1,0,1,Highway,Madhya Pradesh,on_hold,legal_challenge
PRJ-00151,Medium,66,58,121,37,69,132,58,0.54,85,0,42.3,5.1,113943.0,71522.0,0.6277,69,53,73.6,728,1,0,1,Power Line,Uttar Pradesh,completed,legal_challenge
PRJ-00152,High,81,58,118,33,69,107,84,2.47,59,1,51.6,3.0,89882.0,29149.0,0.3243,226,90,24.9,428,1,1,1,Resettlement,Andhra Pradesh,active,legal_challenge
PRJ-00153,Medium,60,62,100,41,103,123,64,2.37,58,0,59.5,3.4,60283.0,43313.0,0.7185,182,137,88.9,665,0,1,1,Industrial,Andhra Pradesh,on_hold,compensation
PRJ-00154,Medium,84,57,85,106,74,71,61,2.02,82,0,19.3,3.9,267025.0,219281.0,0.8212,262,134,53.4,703,1,1,1,Resettlement,Andhra Pradesh,active,title_dispute
PRJ-00155,Low,101,49,77,66,70,37,39,3.96,0,0,49.4,7.9,120436.0,85799.0,0.7124,28,21,100.0,794,1,1,0,Industrial,Tamil Nadu,on_hold,legal_challenge
PRJ-00156,Critical,71,86,110,141,117,125,87,6.03,248,3,36.3,3.7,207755.0,24785.0,0.1193,333,254,19.3,647,1,1,1,Border Infrastructure,Telangana,planned,encroachment
PRJ-00157,High,99,79,162,87,109,105,45,2.82,108,3,31.2,1.0,230553.0,73731.0,0.3198,109,29,55.9,473,0,1,1,Highway,Madhya Pradesh,planned,compensation
PRJ-00158,Medium,37,34,111,127,60,99,50,15.64,27,2,22.7,2.7,158004.0,61258.0,0.3877,128,47,36.6,536,0,0,1,Border Infrastructure,West Bengal,active,boundary
PRJ-00159,Critical,77,67,172,148,48,132,65,5.88,77,4,26.6,2.9,972804.0,0.0,0.0,483,223,9.8,560,1,0,0,Railway,Uttar Pradesh,completed,compensation
PRJ-00160,Low,48,55,76,43,94,37,48,1.27,4,0,17.1,3.1,16149.0,16149.0,1.0,239,184,100.0,510,0,1,1,Border Infrastructure,Madhya Pradesh,on_hold,encroachment
PRJ-00161,High,89,53,112,123,105,123,58,36.87,29,3,47.9,7.3,71248.0,18389.0,0.2581,73,51,40.8,772,0,1,1,Power Line,Telangana,completed,boundary
PRJ-00162,Medium,47,41,160,93,72,115,73,6.39,20,3,23.3,3.4,191800.0,126070.0,0.6573,263,94,36.1,681,0,1,0,Railway,Maharashtra,active,boundary
PRJ-00163,Medium,40,43,133,30,65,84,38,1.18,64,2,58.5,2.4,1010606.0,799288.0,0.7909,485,141,58.9,473,0,1,0,Industrial,Karnataka,planned,encroachment
PRJ-00164,Medium,58,49,127,108,52,72,74,11.1,80,2,49.4,7.0,2429624.0,1806668.0,0.7436,238,28,73.9,663,1,1,1,Highway,Maharashtra,active,title_dispute
PRJ-00165,Critical,98,88,84,91,99,95,80,2.84,151,4,46.7,3.7,824814.0,171974.0,0.2085,264,174,13.2,672,0,1,1,Resettlement,Telangana,active,encroachment
PRJ-00166,High,91,72,154,81,97,73,58,4.22,143,2,23.5,3.3,4506.0,1402.0,0.3112,412,296,39.4,752,0,1,1,Highway,Madhya Pradesh,on_hold,boundary
PRJ-00167,Low,74,44,64,103,32,86,79,2.92,12,0,29.1,5.1,2492595.0,2384416.0,0.9566,273,137,91.3,717,1,1,1,Power Line,Rajasthan,active,title_dispute
PRJ-00168,Low,80,50,87,39,87,40,40,5.56,3,0,21.0,2.5,862308.0,862308.0,1.0,82,27,99.2,504,0,1,1,Highway,Gujarat,planned,compensation
PRJ-00169,Low,49,43,90,81,51,92,47,2.69,14,1,8.8,1.2,85105.0,70578.0,0.8293,171,136,94.3,644,1,1,1,Power Line,Madhya Pradesh,planned,title_dispute
PRJ-00170,Medium,76,62,121,61,64,101,41,3.96,123,1,20.3,3.6,22193.0,14674.0,0.6612,317,122,87.3,526,1,1,1,Border Infrastructure,Tamil Nadu,on_hold,legal_challenge
PRJ-00171,High,93,62,119,93,68,75,65,2.74,114,4,19.8,5.7,143620.0,47711.0,0.3322,183,82,32.5,769,1,0,1,Resettlement,Rajasthan,active,title_dispute
PRJ-00172,High,94,73,116,43,112,84,74,2.34,60,3,43.9,0.5,117905.0,27943.0,0.237,26,5,43.1,765,1,1,0,Railway,Karnataka,completed,encroachment
PRJ-00173,Medium,76,50,67,83,53,74,79,8.0,77,1,26.9,1.8,44508.0,31187.0,0.7007,75,6,77.6,779,1,1,1,Industrial,Madhya Pradesh,active,legal_challenge
PRJ-00174,Low,55,40,94,90,32,77,54,5.22,16,0,40.1,5.1,278946.0,278946.0,1.0,56,30,79.5,470,1,1,0,Industrial,Andhra Pradesh,active,none
PRJ-00175,High,66,42,125,113,86,109,43,2.23,95,3,57.3,2.8,19918.0,7784.0,0.3908,151,78,56.2,793,1,1,0,Power Line,Uttar Pradesh,completed,encroachment
PRJ-00176,High,104,71,90,100,113,118,72,7.73,16,5,19.8,4.2,4041291.0,0.0,0.0,408,161,19.1,783,0,1,0,Industrial,Maharashtra,completed,compensation
PRJ-00177,Medium,62,52,119,124,42,107,47,1.99,93,2,29.4,1.7,237540.0,152073.0,0.6402,273,107,97.8,468,0,1,1,Resettlement,Maharashtra,planned,boundary
PRJ-00178,High,69,50,101,57,63,113,79,1.98,242,2,49.8,1.5,188982.0,0.0,0.0,372,55,0.0,777,0,1,1,Highway,Gujarat,on_hold,compensation
PRJ-00179,High,68,72,141,77,101,131,54,6.86,22,3,24.5,3.7,803968.0,45585.0,0.0567,347,26,27.5,471,0,1,1,Industrial,Gujarat,completed,encroachment
PRJ-00180,High,111,78,167,138,106,107,75,4.53,146,0,13.8,1.0,192559.0,76042.0,0.3949,138,72,0.4,754,1,1,1,Industrial,Uttar Pradesh,completed,boundary
PRJ-00181,Low,52,36,80,71,67,52,34,6.3,17,0,26.5,2.1,7057.0,7057.0,1.0,319,56,100.0,468,1,1,1,Border Infrastructure,Tamil Nadu,on_hold,title_dispute
PRJ-00182,High,86,68,96,92,72,121,65,0.69,132,4,34.3,4.1,311837.0,90308.0,0.2896,415,220,38.0,511,1,1,1,Resettlement,Telangana,completed,title_dispute
PRJ-00183,High,104,52,131,95,40,120,43,1.6,27,0,31.1,4.6,1052572.0,339560.0,0.3226,36,23,35.0,658,1,0,1,Highway,Telangana,completed,legal_challenge
PRJ-00184,High,87,62,158,104,65,132,82,5.87,193,0,30.6,3.0,107629.0,35916.0,0.3337,353,58,22.0,698,0,1,1,Industrial,Andhra Pradesh,active,boundary
PRJ-00185,Medium,44,62,81,77,89,80,87,4.64,119,0,35.7,1.6,122988.0,56710.0,0.4611,291,107,84.9,557,1,1,1,Border Infrastructure,Maharashtra,active,legal_challenge
PRJ-00186,Low,69,58,62,47,69,67,31,3.57,15,0,49.2,1.9,1322316.0,1322316.0,1.0,363,18,100.0,430,1,1,1,Power Line,Maharashtra,active,legal_challenge
PRJ-00187,Low,63,39,117,83,78,50,41,7.38,12,1,54.0,3.0,527652.0,465442.0,0.8821,196,155,100.0,595,0,1,1,Highway,Madhya Pradesh,on_hold,encroachment
PRJ-00188,Critical,64,70,159,91,69,96,58,10.89,266,1,16.8,4.1,227158.0,0.0,0.0,339,233,20.9,460,1,0,0,Border Infrastructure,Uttar Pradesh,planned,title_dispute
PRJ-00189,High,93,76,114,116,70,135,71,3.2,114,5,22.8,1.9,16500.0,6062.0,0.3674,349,200,40.0,617,0,1,1,Industrial,Andhra Pradesh,active,none
PRJ-00190,High,106,80,110,64,102,100,68,6.89,53,0,6.7,1.8,25514.0,7539.0,0.2955,419,221,16.3,714,0,1,1,Industrial,West Bengal,on_hold,compensation
PRJ-00191,Low,114,65,133,47,62,36,33,3.55,10,0,59.9,5.4,140645.0,121756.0,0.8657,130,77,100.0,605,1,1,1,Highway,Gujarat,planned,legal_challenge
PRJ-00192,Medium,78,53,130,71,37,108,64,2.78,74,1,46.9,2.5,1887799.0,1599155.0,0.8471,422,309,76.1,694,0,1,0,Industrial,Andhra Pradesh,planned,compensation
PRJ-00193,Critical,85,58,152,144,116,99,73,3.02,262,2,16.6,3.7,147382.0,0.0,0.0,216,51,19.3,431,0,1,0,Industrial,West Bengal,on_hold,compensation
PRJ-00194,Medium,68,79,94,89,84,103,64,11.44,87,2,20.1,4.5,89630.0,77835.0,0.8684,407,170,64.7,756,1,1,1,Power Line,Tamil Nadu,completed,legal_challenge
PRJ-00195,High,64,37,157,116,99,131,79,6.55,129,1,57.9,0.4,13601.0,3514.0,0.2584,417,154,17.3,429,0,1,0,Industrial,Uttar Pradesh,completed,compensation
PRJ-00196,Low,68,46,72,39,58,45,56,8.27,67,0,53.5,2.4,126791.0,106378.0,0.839,477,171,66.2,589,0,1,1,Border Infrastructure,Tamil Nadu,active,boundary
PRJ-00197,Medium,83,87,69,115,70,132,50,9.94,56,1,51.6,2.8,272284.0,237840.0,0.8735,116,44,71.2,570,0,1,1,Border Infrastructure,Rajasthan,planned,none
PRJ-00198,Critical,71,58,142,92,58,79,53,3.89,244,2,58.5,0.7,35511.0,0.0,0.0,361,174,0.0,504,1,0,1,Power Line,Gujarat,planned,title_dispute
PRJ-00199,High,69,66,81,70,93,63,55,2.82,97,2,52.6,0.5,232031.0,58866.0,0.2537,138,39,29.1,654,0,1,1,Resettlement,West Bengal,completed,encroachment
PRJ-00200,Medium,74,47,108,49,65,67,69,4.55,7,0,8.1,3.1,885768.0,729341.0,0.8234,384,44,62.5,533,0,1,1,Resettlement,Madhya Pradesh,active,boundary
PRJ-00201,Medium,69,70,169,117,61,60,54,8.54,63,0,45.8,0.9,791470.0,777778.0,0.9827,260,114,62.9,750,0,1,1,Resettlement,Uttar Pradesh,active,compensation
PRJ-00202,Medium,43,40,155,50,66,79,50,1.67,30,0,35.4,4.7,297489.0,212407.0,0.714,76,43,70.6,650,0,1,0,Power Line,Madhya Pradesh,completed,encroachment
PRJ-00203,Critical,70,54,166,92,114,145,74,3.39,323,0,48.9,1.2,45828.0,0.0,0.0,396,2,12.7,470,0,0,0,Railway,Maharashtra,planned,none
PRJ-00204,Low,70,38,77,108,44,50,30,5.68,19,0,39.5,3.3,27561.0,25723.0,0.9333,342,133,80.3,403,0,1,1,Industrial,Maharashtra,completed,boundary
PRJ-00205,High,102,38,105,68,61,124,59,16.0,179,3,13.5,3.9,943634.0,400761.0,0.4247,417,313,40.8,491,1,0,1,Railway,Rajasthan,on_hold,none
PRJ-00206,Medium,66,58,149,78,65,43,35,1.84,54,0,35.3,4.7,15840.0,10651.0,0.6724,196,150,77.0,635,0,1,1,Railway,Gujarat,on_hold,boundary
PRJ-00207,Medium,60,45,107,108,65,103,43,2.19,78,3,47.5,5.2,62318.0,34992.0,0.5615,248,11,82.5,404,0,0,0,Power Line,Karnataka,planned,none
PRJ-00208,High,71,63,79,143,100,141,59,5.0,107,2,38.6,0.7,267537.0,50163.0,0.1875,466,323,0.0,690,1,1,1,Railway,West Bengal,planned,legal_challenge
PRJ-00209,High,108,34,137,107,83,142,55,2.04,9,1,23.7,3.3,80608.0,16573.0,0.2056,480,326,27.2,408,1,1,0,Power Line,Karnataka,on_hold,legal_challenge
PRJ-00210,High,109,60,123,74,76,103,70,5.69,163,3,46.5,3.8,422172.0,89754.0,0.2126,351,251,18.0,569,0,1,1,Highway,Uttar Pradesh,on_hold,compensation
PRJ-00211,Low,90,71,145,55,72,52,38,1.29,11,0,15.2,3.3,229572.0,229572.0,1.0,179,86,89.3,714,0,1,0,Railway,Karnataka,on_hold,none
PRJ-00212,Medium,64,62,115,64,51,92,76,1.02,89,3,23.9,2.8,2853703.0,1915976.0,0.6714,486,145,47.7,495,0,1,1,Power Line,Maharashtra,on_hold,encroachment
PRJ-00213,Low,48,31,131,98,38,74,47,8.91,10,0,11.5,3.6,307126.0,307126.0,1.0,199,113,66.5,724,1,1,1,Resettlement,Telangana,active,title_dispute
PRJ-00214,Low,98,65,165,51,105,63,43,7.14,14,0,7.8,3.1,19445.0,19445.0,1.0,189,115,62.9,452,0,1,1,Resettlement,Uttar Pradesh,on_hold,none
PRJ-00215,Low,82,64,94,54,49,97,41,10.21,4,0,16.5,3.4,70731.0,50467.0,0.7135,52,24,100.0,566,0,1,1,Railway,Madhya Pradesh,completed,none
PRJ-00216,High,70,59,107,128,52,128,66,6.48,182,3,34.2,3.1,207081.0,101387.0,0.4896,91,10,73.7,554,1,1,1,Power Line,Karnataka,active,legal_challenge
PRJ-00217,Medium,42,51,82,87,101,91,39,6.68,11,1,24.5,6.4,1289491.0,828498.0,0.6425,133,100,58.3,769,0,1,1,Border Infrastructure,Tamil Nadu,on_hold,encroachment
PRJ-00218,Critical,86,78,154,60,85,79,53,1.72,161,5,53.4,2.2,15298.0,1472.0,0.0962,416,286,15.5,625,0,1,0,Industrial,Karnataka,on_hold,none
PRJ-00219,High,85,59,142,97,87,91,70,3.53,214,1,50.8,3.3,933711.0,335762.0,0.3596,250,62,44.3,603,0,1,0,Industrial,Telangana,on_hold,boundary
PRJ-00220,Medium,91,55,113,70,73,71,37,14.97,75,1,24.0,1.0,79896.0,76205.0,0.9538,63,46,78.5,502,0,1,0,Railway,Madhya Pradesh,active,boundary
PRJ-00221,Medium,75,39,153,53,70,55,45,0.74,31,0,13.8,3.1,79699.0,59894.0,0.7515,424,287,67.7,609,1,1,1,Highway,Andhra Pradesh,completed,title_dispute
PRJ-00222,Medium,44,33,119,84,48,59,34,3.32,19,1,52.8,2.4,138783.0,50711.0,0.3654,409,123,94.5,629,0,1,1,Power Line,Tamil Nadu,on_hold,compensation
PRJ-00223,Low,32,51,62,95,46,34,52,5.9,6,0,34.9,3.6,661088.0,661088.0,1.0,309,157,64.4,443,1,1,1,Power Line,Andhra Pradesh,completed,legal_challenge
PRJ-00224,Critical,50,68,168,136,72,86,83,0.92,340,5,52.9,1.4,50891.0,0.0,0.0,500,301,0.0,620,1,0,1,Industrial,West Bengal,planned,legal_challenge
PRJ-00225,Medium,61,53,114,59,73,108,66,3.91,88,2,19.7,1.3,44462.0,26971.0,0.6066,82,22,56.3,412,0,1,0,Railway,Gujarat,active,encroachment
PRJ-00226,Medium,78,44,120,64,94,117,48,3.08,72,0,18.2,0.7,700462.0,327396.0,0.4674,271,104,63.8,643,0,1,1,Highway,Karnataka,active,boundary
PRJ-00227,Low,74,43,112,49,35,139,36,7.27,16,0,36.8,4.7,10520.0,6820.0,0.6483,16,10,67.3,731,0,1,1,Resettlement,Madhya Pradesh,planned,boundary
PRJ-00228,Low,52,53,137,51,98,88,66,14.52,45,0,5.9,2.5,54920.0,54920.0,1.0,495,182,90.8,607,1,1,1,Railway,Gujarat,active,legal_challenge
PRJ-00229,High,70,68,132,103,88,101,60,9.34,62,4,17.4,1.2,22598.0,10002.0,0.4426,308,105,23.8,402,1,1,1,Border Infrastructure,Uttar Pradesh,planned,title_dispute
PRJ-00230,Medium,88,35,124,62,61,121,45,3.48,31,0,9.5,2.5,108116.0,60210.0,0.5569,239,21,84.1,743,1,1,0,Railway,Karnataka,planned,legal_challenge
PRJ-00231,Medium,60,62,162,46,96,89,59,2.41,22,1,9.9,2.1,113634.0,79055.0,0.6957,185,125,49.7,716,1,1,0,Railway,West Bengal,completed,legal_challenge
PRJ-00232,Low,49,51,118,114,81,86,58,4.09,8,0,5.1,2.4,29539.0,24175.0,0.8184,161,15,87.3,591,1,1,0,Railway,Rajasthan,planned,title_dispute
PRJ-00233,Medium,83,51,125,87,62,57,41,2.44,36,2,27.1,3.5,246492.0,106731.0,0.433,330,141,82.0,730,1,1,1,Railway,Uttar Pradesh,active,legal_challenge
PRJ-00234,Medium,49,32,106,108,103,78,52,4.85,43,0,25.9,2.6,66659.0,45821.0,0.6874,448,128,77.0,404,0,1,1,Border Infrastructure,Tamil Nadu,on_hold,compensation
PRJ-00235,High,61,86,126,102,102,145,67,2.86,145,4,21.8,3.0,902370.0,345608.0,0.383,255,34,17.5,689,1,1,1,Railway,Andhra Pradesh,completed,encroachment
PRJ-00236,Critical,58,70,148,118,99,129,67,8.13,225,5,15.3,5.3,12002.0,1764.0,0.147,286,116,28.2,693,1,1,0,Industrial,Rajasthan,on_hold,compensation
PRJ-00237,Medium,51,81,86,85,76,89,41,11.52,48,2,17.9,3.9,158071.0,117194.0,0.7414,57,33,32.7,734,1,1,1,Railway,West Bengal,planned,title_dispute
PRJ-00238,High,109,80,145,125,80,119,68,7.24,37,6,35.6,1.6,128882.0,0.0,0.0,448,356,32.2,797,0,0,0,Border Infrastructure,Maharashtra,on_hold,boundary
PRJ-00239,High,88,59,143,93,75,131,53,5.34,64,1,58.3,1.4,77534.0,36867.0,0.4755,417,19,23.7,579,0,1,1,Power Line,West Bengal,completed,compensation
PRJ-00240,Critical,119,70,130,105,60,141,68,15.91,341,0,29.3,1.1,350212.0,0.0,0.0,74,56,0.0,610,1,1,1,Resettlement,Rajasthan,on_hold,legal_challenge
PRJ-00241,High,94,72,130,94,59,99,52,2.29,109,1,8.2,2.7,238588.0,84723.0,0.3551,369,95,4.9,526,1,1,0,Power Line,Rajasthan,active,title_dispute
PRJ-00242,Medium,73,40,119,122,66,72,44,3.75,95,0,37.8,0.7,261901.0,261901.0,1.0,329,209,52.5,793,1,0,0,Industrial,Madhya Pradesh,on_hold,title_dispute
PRJ-00243,Critical,109,81,121,143,60,139,87,7.01,158,0,7.2,1.2,1288184.0,42639.0,0.0331,449,278,0.0,775,1,1,0,Power Line,Rajasthan,on_hold,encroachment
PRJ-00244,Critical,62,69,154,102,50,121,86,8.81,104,6,26.1,3.8,265338.0,72570.0,0.2735,142,36,20.3,545,0,1,1,Highway,West Bengal,completed,compensation
PRJ-00245,High,88,77,143,122,90,97,84,2.86,17,0,34.8,0.7,1329881.0,463597.0,0.3486,325,203,0.6,635,1,0,0,Border Infrastructure,Telangana,on_hold,title_dispute
PRJ-00246,Critical,103,46,139,78,68,83,67,4.98,217,2,7.8,6.6,120976.0,5565.0,0.046,357,259,0.0,732,0,1,0,Border Infrastructure,Tamil Nadu,completed,none
PRJ-00247,Low,36,52,104,109,62,126,33,4.52,28,0,10.4,5.0,78277.0,78277.0,1.0,31,9,67.2,556,0,1,1,Power Line,Karnataka,on_hold,boundary
PRJ-00248,Medium,56,84,120,125,45,66,54,4.93,8,0,9.2,0.6,192064.0,170572.0,0.8881,308,55,64.9,748,0,0,1,Power Line,Karnataka,planned,none
PRJ-00249,Low,52,39,70,45,80,84,51,11.11,13,0,31.1,2.4,345958.0,297351.0,0.8595,379,244,85.5,452,0,1,1,Border Infrastructure,Karnataka,active,encroachment
PRJ-00250,Medium,71,57,167,67,92,80,68,7.22,2,1,28.1,4.1,206814.0,81940.0,0.3962,230,64,43.2,509,0,0,1,Power Line,Tamil Nadu,active,none
PRJ-00251,Medium,63,46,102,143,42,86,46,1.9,8,0,12.3,6.2,903517.0,463956.0,0.5135,184,141,68.3,561,0,1,0,Industrial,Madhya Pradesh,planned,none
PRJ-00252,Low,55,50,102,44,74,33,42,5.53,9,0,47.9,0.5,436010.0,436010.0,1.0,110,45,93.4,660,1,1,1,Railway,Gujarat,on_hold,title_dispute
PRJ-00253,Low,41,41,93,78,60,54,31,31.6,28,0,32.3,5.3,42752.0,37404.0,0.8749,275,195,100.0,406,0,1,1,Industrial,Maharashtra,completed,encroachment
PRJ-00254,High,77,65,158,73,41,124,67,24.45,164,0,54.0,4.1,202099.0,97493.0,0.4824,13,6,23.1,407,1,0,1,Border Infrastructure,Telangana,on_hold,legal_challenge
PRJ-00255,High,63,55,116,105,88,96,69,2.38,151,4,9.5,0.7,1209093.0,633444.0,0.5239,364,117,27.1,727,1,1,0,Border Infrastructure,Maharashtra,on_hold,title_dispute
PRJ-00256,Medium,78,65,132,128,116,105,52,9.97,53,1,53.4,1.9,162800.0,117021.0,0.7188,279,72,31.9,700,0,1,1,Highway,Rajasthan,on_hold,none
PRJ-00257,High,106,81,125,105,70,146,77,8.23,116,0,56.4,5.0,141073.0,18339.0,0.13,130,8,10.4,622,1,0,1,Resettlement,Karnataka,completed,title_dispute
PRJ-00258,High,92,67,104,99,71,94,69,2.32,223,1,46.0,3.3,191781.0,66951.0,0.3491,66,0,53.5,470,0,0,0,Railway,Telangana,planned,boundary
PRJ-00259,Medium,97,71,91,130,63,72,39,2.57,50,0,31.7,2.6,92410.0,71304.0,0.7716,399,287,54.3,571,0,1,1,Railway,Andhra Pradesh,on_hold,compensation
PRJ-00260,Medium,83,79,130,76,73,97,59,6.29,83,0,11.6,4.9,134142.0,82216.0,0.6129,260,178,72.5,485,0,1,1,Power Line,Telangana,planned,encroachment
PRJ-00261,High,100,82,117,127,58,116,74,8.33,0,0,42.3,3.9,119900.0,74398.0,0.6205,444,306,20.7,525,1,1,0,Power Line,Telangana,planned,compensation
PRJ-00262,Medium,50,70,113,59,80,80,58,10.38,68,1,30.3,2.9,330902.0,286462.0,0.8657,143,94,53.1,692,0,1,1,Highway,Tamil Nadu,completed,compensation
PRJ-00263,Critical,113,80,99,105,113,55,88,13.81,201,0,42.4,0.6,725624.0,0.0,0.0,454,168,0.0,544,1,1,1,Industrial,Maharashtra,active,legal_challenge
PRJ-00264,Medium,35,57,165,74,62,72,56,3.52,54,1,29.2,1.9,224637.0,116519.0,0.5187,383,190,39.8,637,0,1,0,Railway,Karnataka,completed,none
PRJ-00265,Low,51,62,72,99,66,58,45,18.11,1,0,19.1,1.6,162085.0,161728.0,0.9978,124,53,95.9,725,0,1,0,Power Line,Gujarat,active,compensation
PRJ-00266,High,47,53,126,77,31,131,77,7.36,38,2,45.8,3.1,171245.0,11028.0,0.0644,276,217,8.8,614,1,1,1,Power Line,Maharashtra,completed,title_dispute
PRJ-00267,Low,65,58,69,34,113,47,32,1.36,5,0,15.4,2.9,2832443.0,2365090.0,0.835,216,121,100.0,590,0,1,0,Power Line,Tamil Nadu,on_hold,none
PRJ-00268,High,98,34,143,92,113,94,85,4.58,18,3,46.5,5.1,250852.0,74152.0,0.2956,344,265,19.5,521,0,1,0,Industrial,Andhra Pradesh,completed,none
PRJ-00269,Medium,91,53,143,31,63,69,49,2.96,53,0,8.8,4.6,646945.0,315062.0,0.487,488,79,54.5,799,0,0,1,Power Line,Uttar Pradesh,on_hold,boundary
PRJ-00270,Low,50,36,155,40,49,55,43,9.33,22,0,14.0,1.9,336887.0,264692.0,0.7857,236,58,75.9,535,0,1,0,Border Infrastructure,Madhya Pradesh,on_hold,encroachment
PRJ-00271,High,112,57,161,75,106,42,69,4.8,139,1,47.3,2.4,659420.0,0.0,0.0,51,29,23.7,582,0,0,1,Power Line,Rajasthan,planned,compensation
PRJ-00272,High,57,54,123,113,89,102,47,2.24,156,1,35.1,3.0,133088.0,70071.0,0.5265,53,19,52.8,471,1,0,1,Highway,Tamil Nadu,completed,encroachment
PRJ-00273,Medium,50,66,84,136,63,104,51,4.03,119,0,39.5,2.3,247332.0,197890.0,0.8001,303,142,44.0,438,1,0,0,Industrial,Gujarat,active,encroachment
PRJ-00274,Low,69,44,76,78,83,61,37,1.85,28,0,15.8,2.3,37131.0,37131.0,1.0,91,67,80.4,621,0,1,1,Industrial,Madhya Pradesh,planned,boundary
PRJ-00275,Critical,88,81,108,67,110,96,77,6.87,127,3,6.4,0.7,65759.0,0.0,0.0,233,164,1.1,417,0,1,0,Industrial,Uttar Pradesh,on_hold,compensation
PRJ-00276,Low,94,31,97,42,48,118,37,3.63,17,0,58.1,4.6,1652642.0,1652642.0,1.0,219,34,84.2,669,0,1,0,Border Infrastructure,Madhya Pradesh,completed,none
PRJ-00277,High,102,55,114,110,68,132,69,3.18,135,2,37.9,4.2,131311.0,80481.0,0.6129,472,213,50.0,564,0,0,1,Border Infrastructure,Maharashtra,on_hold,encroachment
PRJ-00278,High,83,67,123,134,91,124,78,4.13,194,6,23.8,4.6,206793.0,63196.0,0.3056,188,115,30.9,519,0,0,1,Highway,Gujarat,on_hold,none
PRJ-00279,High,96,58,80,87,86,91,70,7.37,113,2,24.6,0.9,60986.0,14527.0,0.2382,483,324,40.7,488,0,1,1,Resettlement,Gujarat,planned,compensation
PRJ-00280,High,65,84,144,136,79,99,79,16.98,203,1,33.9,0.9,503341.0,31157.0,0.0619,293,222,32.7,652,1,1,1,Railway,West Bengal,planned,title_dispute
PRJ-00281,High,57,70,132,110,92,138,65,11.85,6,4,23.8,1.7,738227.0,212905.0,0.2884,249,0,15.1,714,0,0,1,Highway,Maharashtra,planned,compensation
PRJ-00282,Low,59,68,89,110,40,97,68,14.95,53,0,15.0,1.2,28246.0,27014.0,0.9564,401,35,94.7,669,0,1,1,Resettlement,Tamil Nadu,planned,none
PRJ-00283,Low,87,57,94,125,74,119,50,1.0,15,0,19.2,2.7,28991.0,28072.0,0.9683,74,57,100.0,774,1,1,0,Power Line,West Bengal,completed,legal_challenge
PRJ-00284,High,111,73,161,118,88,74,71,1.35,202,3,39.3,1.0,19566.0,6083.0,0.3109,119,63,21.5,489,0,1,1,Power Line,Madhya Pradesh,on_hold,compensation
PRJ-00285,Critical,55,68,154,107,76,117,64,6.72,189,0,56.3,2.0,155653.0,0.0,0.0,98,47,14.1,713,1,0,0,Power Line,Tamil Nadu,planned,title_dispute
PRJ-00286,Low,32,51,121,67,37,130,49,3.72,13,0,38.8,4.4,55682.0,44557.0,0.8002,90,45,100.0,445,1,1,0,Industrial,Madhya Pradesh,on_hold,title_dispute
PRJ-00287,Low,40,55,78,40,39,106,39,4.59,74,0,7.5,4.7,148501.0,100966.0,0.6799,184,37,100.0,455,0,0,1,Border Infrastructure,West Bengal,planned,boundary
PRJ-00288,High,78,61,96,98,56,128,86,19.59,157,7,58.4,2.2,54558.0,29892.0,0.5479,197,15,36.1,645,0,1,0,Industrial,Uttar Pradesh,completed,encroachment
PRJ-00289,High,72,60,165,55,86,134,71,4.09,13,3,35.1,2.6,39708.0,8247.0,0.2077,15,3,40.6,453,1,0,1,Industrial,Gujarat,completed,none
PRJ-00290,High,49,68,160,100,54,100,71,1.21,186,4,27.4,2.4,89840.0,22685.0,0.2525,365,9,52.1,734,1,1,1,Railway,Karnataka,planned,boundary
PRJ-00291,Medium,61,46,134,83,57,92,37,11.04,115,3,22.9,1.1,105340.0,54608.0,0.5184,140,73,53.0,552,0,0,1,Resettlement,Karnataka,active,compensation
PRJ-00292,Low,62,32,65,63,82,110,34,14.54,0,0,34.6,1.8,209097.0,209097.0,1.0,49,11,100.0,738,0,1,1,Railway,Telangana,completed,compensation
PRJ-00293,Medium,62,53,132,107,102,67,70,3.9,27,1,45.6,3.0,1002731.0,428968.0,0.4278,406,129,68.5,650,0,1,0,Industrial,Gujarat,on_hold,none
PRJ-00294,Medium,53,79,94,71,84,75,60,3.86,84,0,29.5,1.1,24170.0,14765.0,0.6109,139,48,45.7,534,0,1,1,Industrial,Uttar Pradesh,on_hold,encroachment
PRJ-00295,Medium,43,60,148,60,76,96,55,1.17,124,1,43.6,6.5,106649.0,64597.0,0.6057,288,14,60.9,598,1,1,1,Highway,Karnataka,on_hold,legal_challenge
PRJ-00296,Critical,84,69,167,125,94,130,82,4.33,214,3,30.1,2.5,154541.0,48897.0,0.3164,45,14,8.6,765,1,0,0,Railway,Uttar Pradesh,completed,legal_challenge
PRJ-00297,Critical,69,83,147,57,116,113,61,11.21,217,1,21.8,2.9,55184.0,0.0,0.0,490,385,2.7,508,0,0,1,Railway,Andhra Pradesh,active,none
PRJ-00298,Medium,48,47,154,66,111,75,42,4.14,8,0,44.0,5.3,710326.0,459155.0,0.6464,203,90,79.6,682,1,1,1,Industrial,Uttar Pradesh,active,legal_challenge
PRJ-00299,Medium,69,61,110,42,87,37,67,3.94,31,0,34.5,3.2,110951.0,89316.0,0.805,478,40,35.1,799,1,1,1,Highway,Madhya Pradesh,completed,none
PRJ-00300,Medium,100,80,113,80,59,130,44,1.2,94,2,20.3,4.5,203625.0,145755.0,0.7158,24,3,18.9,606,0,1,1,Resettlement,Andhra Pradesh,completed,boundary
PRJ-00301,High,68,58,89,84,110,134,58,8.82,17,4,5.3,3.2,168914.0,114997.0,0.6808,476,102,23.7,590,1,1,1,Highway,Uttar Pradesh,completed,boundary
PRJ-00302,Critical,101,88,119,111,90,100,52,33.42,300,0,17.5,2.4,2951755.0,0.0,0.0,449,81,34.5,553,0,1,1,Resettlement,Rajasthan,on_hold,encroachment
PRJ-00303,High,94,49,119,86,77,116,63,5.96,61,4,23.8,5.6,55173.0,21369.0,0.3873,113,82,68.4,608,1,1,1,Resettlement,West Bengal,completed,legal_challenge
PRJ-00304,High,83,85,140,129,59,110,80,16.53,26,3,25.5,6.7,42054.0,15156.0,0.3604,368,149,16.5,469,1,1,1,Resettlement,Andhra Pradesh,planned,legal_challenge
PRJ-00305,Low,105,49,91,75,74,58,62,1.27,19,0,22.4,1.6,67539.0,53599.0,0.7936,132,3,86.2,425,0,1,1,Railway,Andhra Pradesh,planned,compensation
PRJ-00306,Critical,87,73,175,86,101,127,74,5.53,321,0,8.5,2.4,453564.0,0.0,0.0,128,38,4.6,704,1,1,0,Railway,Madhya Pradesh,completed,title_dispute
PRJ-00307,Medium,43,78,73,51,53,82,52,3.3,21,0,18.1,0.9,55397.0,31853.0,0.575,150,3,59.7,425,0,1,0,Railway,Madhya Pradesh,on_hold,boundary
PRJ-00308,Medium,107,78,132,56,40,61,44,15.28,68,1,52.2,1.7,33934.0,27968.0,0.8242,267,4,74.3,799,1,1,0,Power Line,Gujarat,active,title_dispute
PRJ-00309,High,37,64,121,119,100,89,78,3.09,91,3,45.0,0.3,1805119.0,530163.0,0.2937,316,203,10.2,556,1,1,0,Industrial,Madhya Pradesh,active,legal_challenge
PRJ-00310,High,76,51,116,76,77,120,61,5.81,50,3,7.8,8.1,143732.0,19231.0,0.1338,159,86,54.8,719,0,0,0,Border Infrastructure,Rajasthan,completed,boundary
PRJ-00311,High,67,63,96,131,101,113,46,7.53,168,0,47.2,2.6,317536.0,62332.0,0.1963,177,139,63.0,727,0,1,0,Railway,West Bengal,on_hold,boundary
PRJ-00312,High,87,39,143,59,81,86,68,6.19,22,4,48.7,1.5,790864.0,232198.0,0.2936,343,87,11.8,471,1,1,0,Industrial,Rajasthan,active,legal_challenge
PRJ-00313,Medium,94,70,122,50,48,46,48,3.24,6,1,26.2,1.2,283413.0,191757.0,0.6766,180,104,53.2,513,0,1,1,Resettlement,Rajasthan,completed,encroachment
PRJ-00314,Medium,55,59,98,145,55,64,76,8.25,26,2,58.6,2.3,1180670.0,796716.0,0.6748,97,22,82.7,641,1,1,1,Power Line,Madhya Pradesh,on_hold,legal_challenge
PRJ-00315,Low,35,44,132,87,56,38,46,8.34,16,0,40.3,3.3,173751.0,146038.0,0.8405,386,269,57.8,615,1,1,1,Industrial,Andhra Pradesh,on_hold,title_dispute
PRJ-00316,High,79,75,150,123,72,92,49,3.46,204,0,37.9,2.9,694513.0,134805.0,0.1941,448,227,6.5,697,0,0,0,Railway,Rajasthan,on_hold,encroachment
PRJ-00317,Medium,88,46,103,109,93,62,56,3.78,8,0,23.8,4.2,100835.0,60773.0,0.6027,75,59,62.7,575,1,1,1,Highway,Andhra Pradesh,completed,legal_challenge
PRJ-00318,High,65,43,145,132,41,54,72,2.91,79,0,24.2,3.4,1326277.0,406106.0,0.3062,254,67,31.2,490,0,0,1,Border Infrastructure,Telangana,active,boundary
PRJ-00319,High,66,61,97,68,95,129,84,1.79,35,1,10.8,1.9,1050578.0,403317.0,0.3839,319,110,29.2,619,0,1,1,Industrial,Gujarat,active,encroachment
PRJ-00320,Medium,43,66,143,69,77,71,80,4.77,2,1,14.2,2.4,61034.0,43395.0,0.711,392,261,54.0,497,1,0,1,Railway,Maharashtra,active,title_dispute
PRJ-00321,Medium,60,73,76,83,46,47,58,14.49,25,1,22.0,3.2,152189.0,103382.0,0.6793,306,74,66.8,433,0,1,1,Industrial,Gujarat,on_hold,boundary
PRJ-00322,High,93,58,168,88,110,66,75,4.31,60,4,57.0,4.5,67103.0,5127.0,0.0764,466,182,0.0,784,1,1,0,Railway,Andhra Pradesh,on_hold,encroachment
PRJ-00323,High,98,49,96,112,64,61,50,13.16,48,2,34.6,0.7,1469757.0,385370.0,0.2622,380,6,19.0,658,1,1,1,Highway,Uttar Pradesh,active,compensation
PRJ-00324,High,101,65,149,143,58,109,68,1.87,189,0,48.9,3.7,185434.0,31301.0,0.1688,343,29,66.9,410,1,0,1,Border Infrastructure,Maharashtra,on_hold,legal_challenge
PRJ-00325,Medium,61,46,129,123,101,55,71,2.21,90,0,8.7,3.7,479816.0,442294.0,0.9218,110,61,60.2,722,1,0,1,Border Infrastructure,Madhya Pradesh,planned,legal_challenge
PRJ-00326,High,41,58,133,65,96,75,67,16.5,42,3,10.9,0.7,312214.0,176370.0,0.5649,430,309,21.0,661,1,1,1,Power Line,Karnataka,on_hold,legal_challenge
PRJ-00327,High,109,79,126,116,55,138,82,2.99,81,4,10.5,1.7,934710.0,145441.0,0.1556,108,30,66.4,609,0,0,1,Highway,Karnataka,completed,compensation
PRJ-00328,Medium,47,83,135,61,41,43,40,8.01,1,0,32.3,1.6,81539.0,54925.0,0.6736,469,41,60.4,693,0,1,1,Industrial,Madhya Pradesh,completed,boundary
PRJ-00329,High,87,42,117,100,116,96,74,13.46,150,2,37.7,1.2,17756.0,2436.0,0.1372,140,51,31.8,451,0,1,1,Highway,Andhra Pradesh,planned,boundary
PRJ-00330,High,53,36,158,80,65,118,59,1.64,35,0,57.8,2.9,770483.0,210034.0,0.2726,9,6,21.5,739,0,1,1,Resettlement,Rajasthan,on_hold,encroachment
PRJ-00331,Low,56,50,63,63,74,64,60,7.67,16,0,37.4,1.4,22611.0,13524.0,0.5981,63,20,82.6,633,1,1,1,Railway,Madhya Pradesh,on_hold,title_dispute
PRJ-00332,Low,89,57,96,70,45,81,45,4.46,3,0,31.7,1.7,90572.0,53338.0,0.5889,58,19,86.2,702,0,1,1,Border Infrastructure,Madhya Pradesh,active,none
PRJ-00333,Low,55,38,145,53,100,69,54,1.9,10,0,25.7,3.8,3838828.0,3294098.0,0.8581,252,185,90.0,457,1,1,1,Border Infrastructure,Telangana,on_hold,legal_challenge
PRJ-00334,High,78,81,144,95,84,59,85,1.67,244,5,37.2,5.7,487674.0,211651.0,0.434,397,236,46.1,770,0,1,1,Resettlement,Karnataka,on_hold,none
PRJ-00335,High,87,78,87,86,66,142,60,9.19,84,4,16.7,5.1,14652.0,4714.0,0.3217,182,96,37.5,728,0,1,0,Railway,West Bengal,planned,encroachment
PRJ-00336,Critical,80,34,155,135,63,76,81,3.04,241,6,39.2,1.9,63680.0,11532.0,0.1811,441,174,4.6,484,1,0,1,Highway,Telangana,planned,title_dispute
PRJ-00337,High,86,81,142,141,114,64,87,6.63,24,7,16.1,4.0,516003.0,261872.0,0.5075,119,52,20.7,593,0,0,1,Resettlement,Madhya Pradesh,active,boundary
PRJ-00338,High,96,37,170,53,61,43,71,5.25,195,4,50.2,6.2,3869069.0,717712.0,0.1855,65,50,7.0,781,0,0,1,Border Infrastructure,Madhya Pradesh,completed,none
PRJ-00339,High,86,76,134,71,94,74,80,1.88,250,3,57.9,3.0,61288.0,19122.0,0.312,460,187,28.3,505,0,1,1,Railway,Andhra Pradesh,planned,none
PRJ-00340,High,111,61,120,110,54,96,63,3.93,177,3,51.9,1.2,93401.0,31093.0,0.3329,371,195,48.4,766,0,0,0,Industrial,Maharashtra,completed,boundary
PRJ-00341,Critical,99,65,164,86,100,87,79,5.52,143,7,12.0,3.7,46098.0,1779.0,0.0386,272,81,0.0,454,1,0,1,Resettlement,Maharashtra,on_hold,title_dispute
PRJ-00342,High,100,82,134,136,86,94,78,0.33,155,0,32.0,1.7,936755.0,757366.0,0.8085,135,65,21.2,496,1,0,0,Border Infrastructure,Tamil Nadu,active,title_dispute
PRJ-00343,Medium,55,67,110,70,47,64,79,2.21,71,0,30.3,1.9,132655.0,33429.0,0.252,479,242,77.3,744,1,1,0,Border Infrastructure,Gujarat,active,title_dispute
PRJ-00344,Low,53,78,85,46,41,61,60,7.61,0,0,6.2,1.8,920756.0,920756.0,1.0,483,167,87.5,699,0,1,0,Border Infrastructure,Madhya Pradesh,active,encroachment
PRJ-00345,High,48,80,108,131,78,122,60,4.38,43,4,9.5,0.7,120780.0,44628.0,0.3695,341,163,2.7,564,1,1,1,Power Line,Tamil Nadu,active,title_dispute
PRJ-00346,Medium,79,85,98,96,42,55,32,4.67,69,1,21.5,5.9,18514.0,8163.0,0.4409,236,151,61.3,470,0,1,0,Power Line,Telangana,active,boundary
PRJ-00347,High,40,46,125,134,91,122,65,2.34,208,2,53.2,2.2,23918.0,8835.0,0.3694,107,17,28.6,765,1,0,1,Power Line,Rajasthan,on_hold,title_dispute
PRJ-00348,High,80,62,79,52,58,45,69,2.61,176,2,51.0,4.5,46940.0,20762.0,0.4423,368,33,20.5,580,1,1,0,Power Line,Tamil Nadu,active,legal_challenge
PRJ-00349,High,81,86,85,70,48,115,42,4.64,215,0,34.0,5.1,77646.0,0.0,0.0,17,5,25.7,427,0,0,0,Power Line,Uttar Pradesh,on_hold,encroachment
PRJ-00350,Critical,58,85,76,128,103,89,50,6.4,296,3,40.4,1.4,292556.0,83993.0,0.2871,109,65,8.9,416,0,1,1,Resettlement,Tamil Nadu,on_hold,compensation
PRJ-00351,High,63,42,141,91,104,107,44,1.99,128,1,7.8,0.7,38174.0,18595.0,0.4871,266,166,44.3,756,1,1,0,Power Line,Telangana,active,title_dispute
PRJ-00352,Medium,49,50,101,56,86,96,44,2.34,88,0,39.6,1.4,9981.0,4322.0,0.433,11,6,71.9,503,1,1,0,Border Infrastructure,Uttar Pradesh,completed,title_dispute
PRJ-00353,High,70,73,131,102,97,123,78,4.85,168,1,45.7,2.2,281171.0,102262.0,0.3637,402,233,48.9,499,1,1,1,Industrial,Madhya Pradesh,on_hold,legal_challenge
PRJ-00354,Medium,73,47,109,41,70,93,64,9.73,99,0,16.9,3.5,215852.0,105077.0,0.4868,224,50,67.1,535,1,0,0,Industrial,Karnataka,active,title_dispute
PRJ-00355,High,113,45,115,110,74,132,42,26.17,56,0,40.9,3.4,88862.0,30071.0,0.3384,83,61,47.8,705,1,1,1,Highway,Rajasthan,on_hold,encroachment
PRJ-00356,Critical,99,75,108,110,104,100,84,1.81,221,3,26.4,1.8,90375.0,7140.0,0.079,42,26,17.5,562,0,1,0,Power Line,Telangana,on_hold,encroachment
PRJ-00357,High,87,54,141,88,75,111,57,0.85,25,2,25.2,1.6,901031.0,201290.0,0.2234,118,83,59.6,739,1,1,1,Industrial,Andhra Pradesh,completed,legal_challenge
PRJ-00358,High,73,83,152,112,95,48,72,49.99,273,0,24.8,4.6,4417.0,1407.0,0.3186,63,33,64.3,628,1,0,0,Railway,Gujarat,completed,legal_challenge
PRJ-00359,High,71,78,106,79,87,90,58,13.14,172,0,50.3,4.8,99708.0,43273.0,0.434,202,41,22.4,770,1,0,0,Industrial,Telangana,planned,title_dispute
PRJ-00360,Low,31,49,64,72,95,129,50,7.64,14,0,42.0,4.4,118719.0,118719.0,1.0,169,69,77.1,449,0,1,0,Railway,West Bengal,completed,encroachment
PRJ-00361,High,74,49,129,121,90,87,81,5.4,73,4,34.2,4.3,14471.0,9470.0,0.6544,432,35,38.7,675,0,1,0,Power Line,Maharashtra,planned,compensation
PRJ-00362,High,69,67,89,93,94,112,86,4.43,8,4,23.1,0.4,566627.0,216622.0,0.3823,372,98,27.3,444,1,0,1,Power Line,Uttar Pradesh,planned,title_dispute
PRJ-00363,High,49,81,122,91,88,137,41,9.51,108,4,26.8,4.2,24963.0,4611.0,0.1847,203,73,42.0,607,1,1,1,Railway,Rajasthan,planned,legal_challenge
PRJ-00364,High,114,64,84,82,80,70,82,2.42,23,0,37.5,2.6,184995.0,14985.0,0.081,363,246,30.0,583,1,1,1,Railway,Karnataka,planned,title_dispute
PRJ-00365,High,57,68,114,45,96,48,70,6.64,171,4,31.6,2.5,416829.0,74737.0,0.1793,207,136,30.3,415,0,1,1,Railway,Rajasthan,planned,boundary
PRJ-00366,Low,55,34,90,54,73,124,42,1.7,49,0,49.6,3.4,469392.0,469392.0,1.0,495,375,92.8,683,1,1,1,Railway,Uttar Pradesh,on_hold,title_dispute
PRJ-00367,High,109,68,157,93,52,94,45,10.47,23,2,37.6,6.3,428290.0,192730.0,0.45,112,67,26.7,771,1,1,1,Highway,Maharashtra,completed,legal_challenge
PRJ-00368,Low,76,55,89,66,48,130,39,0.98,57,0,25.5,1.4,393466.0,373557.0,0.9494,104,9,76.5,743,0,1,0,Power Line,Uttar Pradesh,active,compensation
PRJ-00369,High,95,76,149,100,65,122,72,5.0,85,0,58.9,2.5,86047.0,46457.0,0.5399,106,61,35.7,649,0,1,0,Border Infrastructure,Andhra Pradesh,planned,boundary
PRJ-00370,Low,92,74,63,38,44,83,70,11.69,6,0,30.3,0.9,153452.0,88879.0,0.5792,253,91,94.8,715,1,1,1,Highway,Gujarat,on_hold,legal_challenge
PRJ-00371,High,92,52,138,97,93,119,35,2.29,82,0,46.9,0.8,36752.0,0.0,0.0,165,32,0.0,513,0,1,1,Industrial,Telangana,on_hold,boundary
PRJ-00372,Medium,66,65,121,80,69,91,33,5.5,84,1,9.3,3.1,720446.0,412816.0,0.573,254,112,57.5,489,0,0,1,Industrial,West Bengal,on_hold,encroachment
PRJ-00373,High,79,65,82,74,98,99,58,2.73,234,0,26.1,2.7,241797.0,56895.0,0.2353,377,22,41.6,409,0,1,0,Railway,Tamil Nadu,active,boundary
PRJ-00374,High,81,56,144,94,52,62,62,31.49,153,4,56.5,4.2,45867.0,26461.0,0.5769,246,128,45.3,476,0,1,0,Border Infrastructure,Telangana,active,none
PRJ-00375,Medium,87,44,114,89,77,114,47,0.7,103,2,49.4,2.0,295920.0,93422.0,0.3157,262,2,82.1,522,1,1,0,Industrial,Rajasthan,completed,legal_challenge
PRJ-00376,Low,52,73,108,43,58,95,64,6.13,11,0,32.2,1.8,259045.0,256921.0,0.9918,294,223,79.9,737,1,1,1,Power Line,Telangana,active,legal_challenge
PRJ-00377,High,63,55,127,82,74,68,58,8.61,89,0,36.5,0.6,51658.0,24403.0,0.4724,140,41,14.0,421,0,1,1,Resettlement,Madhya Pradesh,planned,compensation
PRJ-00378,High,60,63,161,85,51,70,82,6.49,17,4,39.9,5.2,352219.0,15181.0,0.0431,57,32,28.5,666,0,0,0,Border Infrastructure,West Bengal,completed,encroachment
PRJ-00379,High,39,59,117,101,49,117,52,1.87,122,0,42.2,2.0,874382.0,211163.0,0.2415,269,54,43.6,514,0,1,0,Railway,Telangana,active,encroachment
PRJ-00380,Critical,102,64,122,106,106,139,71,1.13,198,1,41.4,5.0,47466.0,3987.0,0.084,122,7,0.0,729,1,0,1,Border Infrastructure,Madhya Pradesh,planned,legal_challenge
PRJ-00381,Medium,53,64,75,106,60,83,38,3.4,38,0,23.6,1.5,37172.0,25255.0,0.6794,251,135,86.8,645,1,1,1,Resettlement,Tamil Nadu,planned,title_dispute
PRJ-00382,Medium,32,44,154,54,44,81,70,4.83,15,0,31.2,0.9,1022955.0,736118.0,0.7196,73,36,60.6,420,0,1,1,Power Line,Tamil Nadu,completed,none
PRJ-00383,Critical,65,53,123,135,114,146,58,2.05,315,0,53.5,1.8,111529.0,0.0,0.0,454,261,18.1,738,1,1,0,Railway,Tamil Nadu,completed,legal_challenge
PRJ-00384,Medium,59,84,71,62,61,72,44,2.18,35,0,45.1,2.9,46926.0,23862.0,0.5085,411,191,77.7,792,0,1,1,Border Infrastructure,Gujarat,completed,encroachment
PRJ-00385,Medium,59,80,101,53,71,47,42,0.94,25,0,17.1,2.2,47950.0,19300.0,0.4025,13,2,61.2,658,0,1,0,Border Infrastructure,West Bengal,planned,compensation
PRJ-00386,Medium,60,79,148,104,74,91,83,2.95,30,0,16.7,2.8,129738.0,86289.0,0.6651,251,132,50.0,708,1,1,1,Border Infrastructure,Tamil Nadu,planned,legal_challenge
PRJ-00387,Critical,110,52,127,118,63,142,83,3.37,312,6,29.7,0.6,17771.0,3076.0,0.1731,224,41,23.5,646,0,1,0,Railway,Uttar Pradesh,completed,boundary
PRJ-00388,Medium,42,74,158,46,66,63,49,5.72,30,0,57.7,0.9,55012.0,38750.0,0.7044,150,71,91.3,678,0,1,1,Highway,Telangana,completed,compensation
PRJ-00389,Low,39,36,122,47,76,43,40,7.74,2,0,56.2,3.6,89831.0,89831.0,1.0,357,229,97.9,609,1,1,1,Railway,Maharashtra,planned,legal_challenge
PRJ-00390,Medium,101,54,115,120,89,34,52,1.4,79,1,16.0,3.3,535001.0,381991.0,0.714,353,112,48.4,504,1,1,1,Resettlement,Telangana,on_hold,legal_challenge
PRJ-00391,High,96,61,117,138,60,71,54,3.22,138,2,55.1,0.9,132340.0,66818.0,0.5049,162,74,23.0,796,0,1,0,Border Infrastructure,Andhra Pradesh,active,boundary
PRJ-00392,High,92,40,127,115,96,114,60,3.96,64,0,12.1,3.3,108730.0,0.0,0.0,114,46,21.4,573,0,1,0,Power Line,Karnataka,active,encroachment
PRJ-00393,Low,81,68,111,33,60,91,34,6.24,0,0,6.1,5.7,23487.0,21096.0,0.8982,246,182,100.0,622,1,1,1,Industrial,Maharashtra,completed,title_dispute
PRJ-00394,Medium,72,63,128,130,71,77,79,1.49,78,3,12.0,2.8,26559.0,18639.0,0.7018,151,85,42.4,705,1,0,1,Highway,West Bengal,planned,title_dispute
PRJ-00395,Low,33,44,99,60,75,100,61,8.07,3,0,50.9,3.4,11648.0,10995.0,0.9439,151,23,96.8,706,0,1,0,Power Line,Tamil Nadu,completed,encroachment
PRJ-00396,Low,95,51,110,114,47,76,31,6.38,0,0,47.2,1.6,5531.0,4704.0,0.8505,146,91,90.0,580,1,1,1,Resettlement,Maharashtra,active,title_dispute
PRJ-00397,Low,42,63,78,42,57,106,38,3.76,5,0,46.1,1.4,1145569.0,886098.0,0.7735,475,34,93.2,545,1,1,0,Railway,Uttar Pradesh,active,legal_challenge
PRJ-00398,Medium,74,45,112,82,61,107,44,17.44,22,1,41.5,6.5,1435296.0,898208.0,0.6258,481,155,93.2,402,0,1,1,Resettlement,Telangana,on_hold,boundary
PRJ-00399,Medium,68,76,107,78,46,105,46,4.35,17,2,54.5,5.3,85561.0,61972.0,0.7243,494,101,52.3,675,1,1,0,Railway,Karnataka,planned,legal_challenge
PRJ-00400,High,63,61,128,112,51,104,52,4.45,177,5,36.6,2.2,91783.0,49902.0,0.5437,464,217,57.1,414,0,0,1,Border Infrastructure,Madhya Pradesh,completed,compensation
PRJ-00401,Medium,37,62,123,72,46,53,77,3.72,74,3,42.9,3.0,18670.0,13534.0,0.7249,279,2,66.0,534,0,0,0,Power Line,Gujarat,active,boundary
PRJ-00402,Medium,63,63,151,73,52,80,74,3.45,34,1,49.2,3.3,187543.0,89364.0,0.4765,98,74,65.2,749,0,1,1,Highway,West Bengal,active,encroachment
PRJ-00403,Low,62,37,89,62,101,59,50,9.74,21,0,41.9,4.0,1517526.0,1517526.0,1.0,433,214,84.6,479,0,1,1,Industrial,Gujarat,active,boundary
PRJ-00404,Critical,75,86,159,131,71,108,76,3.08,235,4,47.3,1.8,9003.0,0.0,0.0,322,81,28.2,694,1,1,1,Railway,Madhya Pradesh,planned,legal_challenge
PRJ-00405,High,79,71,146,117,47,127,65,7.03,48,0,19.4,4.4,90546.0,27010.0,0.2983,274,175,28.7,644,0,0,1,Resettlement,Andhra Pradesh,completed,compensation
PRJ-00406,Critical,108,57,143,87,86,134,82,4.44,348,7,17.5,2.3,955385.0,417981.0,0.4375,240,60,21.6,404,1,0,0,Border Infrastructure,West Bengal,active,encroachment
PRJ-00407,High,57,72,125,62,90,129,80,0.26,66,2,25.3,4.0,68535.0,20821.0,0.3038,246,188,19.4,575,0,1,1,Resettlement,West Bengal,on_hold,compensation
PRJ-00408,High,104,67,105,87,89,72,73,1.5,122,5,36.1,2.9,72027.0,5071.0,0.0704,97,44,24.0,694,0,1,0,Border Infrastructure,Gujarat,on_hold,boundary
PRJ-00409,Low,106,69,77,125,58,35,49,3.48,14,1,7.5,0.3,285146.0,277818.0,0.9743,417,3,99.6,615,0,1,0,Railway,Gujarat,completed,encroachment
PRJ-00410,Medium,96,41,111,65,40,92,71,3.63,86,0,14.0,2.9,106134.0,87921.0,0.8284,208,16,60.6,483,1,1,1,Railway,Andhra Pradesh,on_hold,encroachment
PRJ-00411,Medium,41,64,108,66,53,94,30,4.75,103,2,49.3,5.3,189591.0,133794.0,0.7057,482,312,63.1,576,1,0,0,Border Infrastructure,Karnataka,on_hold,boundary
PRJ-00412,Medium,94,49,81,102,74,86,38,3.3,122,2,12.7,0.8,193525.0,122637.0,0.6337,254,157,71.8,628,0,1,1,Industrial,Telangana,active,boundary
PRJ-00413,High,49,45,126,68,111,67,63,8.2,184,3,25.0,1.2,693715.0,161982.0,0.2335,439,318,8.3,440,1,0,1,Industrial,Tamil Nadu,on_hold,encroachment
PRJ-00414,High,73,42,172,49,88,94,81,5.51,88,4,18.5,0.3,68721.0,15943.0,0.232,404,278,23.8,585,1,1,0,Power Line,Rajasthan,on_hold,legal_challenge
PRJ-00415,High,92,55,162,138,89,95,56,7.25,54,2,7.7,5.6,1789845.0,0.0,0.0,343,69,56.8,780,0,0,1,Border Infrastructure,Madhya Pradesh,active,compensation
PRJ-00416,Medium,64,59,120,106,105,80,39,0.66,7,3,32.3,0.9,287291.0,169674.0,0.5906,273,167,73.8,442,1,1,1,Highway,Karnataka,planned,encroachment
PRJ-00417,Medium,89,52,96,75,68,54,73,0.79,33,1,42.1,1.4,176278.0,106913.0,0.6065,325,32,100.0,669,0,0,0,Power Line,Karnataka,completed,boundary
PRJ-00418,Critical,55,68,108,146,95,126,63,1.15,261,6,10.2,6.5,11537.0,1423.0,0.1233,74,57,11.2,757,1,1,0,Border Infrastructure,West Bengal,completed,legal_challenge
PRJ-00419,High,65,42,139,102,75,87,52,7.64,174,2,41.8,0.4,148888.0,92608.0,0.622,470,130,8.0,676,1,0,1,Power Line,Madhya Pradesh,completed,legal_challenge
PRJ-00420,Low,45,36,121,51,73,63,47,6.25,0,0,30.8,1.7,25388.0,25388.0,1.0,272,177,63.8,469,0,1,1,Resettlement,Rajasthan,completed,boundary
PRJ-00421,Medium,52,34,147,60,53,64,41,3.88,65,1,40.2,0.5,527525.0,235698.0,0.4468,310,57,71.5,403,0,1,0,Power Line,Maharashtra,completed,encroachment
PRJ-00422,High,80,56,138,127,118,109,62,1.99,235,4,17.4,4.4,20214.0,0.0,0.0,429,129,45.0,534,1,1,0,Border Infrastructure,Uttar Pradesh,active,compensation
PRJ-00423,High,88,67,115,119,44,124,64,3.3,176,2,26.9,5.7,8228.0,1782.0,0.2166,216,32,32.4,435,1,1,0,Power Line,Telangana,on_hold,boundary
PRJ-00424,High,80,60,138,91,109,103,73,1.86,59,3,11.0,1.0,89522.0,42478.0,0.4745,14,1,45.3,673,1,0,0,Border Infrastructure,Telangana,on_hold,title_dispute
PRJ-00425,Medium,92,44,88,90,104,81,52,22.04,1,1,38.4,4.0,498507.0,212364.0,0.426,51,6,53.8,652,1,1,1,Resettlement,Rajasthan,active,title_dispute
PRJ-00426,Medium,73,60,134,78,78,93,60,2.92,7,2,40.2,2.3,1045395.0,560854.0,0.5365,46,31,68.2,474,1,1,1,Resettlement,Uttar Pradesh,completed,boundary
PRJ-00427,Medium,54,48,96,53,39,81,84,7.7,24,1,14.2,4.3,2194906.0,1345038.0,0.6128,429,4,100.0,793,0,1,0,Railway,Karnataka,completed,compensation
PRJ-00428,Medium,70,47,118,89,91,104,64,2.79,22,3,11.2,1.5,138271.0,64089.0,0.4635,345,271,36.4,642,0,1,0,Power Line,Gujarat,planned,compensation
PRJ-00429,High,105,35,107,118,103,141,78,5.01,249,0,41.9,3.9,208613.0,85907.0,0.4118,134,51,13.7,552,1,0,0,Power Line,Tamil Nadu,planned,title_dispute
PRJ-00430,Medium,98,43,171,66,36,145,50,8.19,3,0,41.7,4.6,34961.0,23693.0,0.6777,411,90,34.1,461,1,1,1,Highway,Gujarat,active,title_dispute
PRJ-00431,High,66,59,104,132,80,82,65,11.19,190,1,22.6,4.5,200154.0,121654.0,0.6078,195,120,33.5,527,1,0,1,Highway,Gujarat,planned,legal_challenge
PRJ-00432,Low,54,71,121,66,65,54,82,5.72,10,0,41.7,2.7,152467.0,130664.0,0.857,364,156,83.5,454,1,1,1,Power Line,Karnataka,on_hold,title_dispute
PRJ-00433,High,69,50,145,103,64,88,69,0.98,7,4,9.0,2.8,107117.0,72561.0,0.6774,188,108,21.4,528,0,1,1,Power Line,Andhra Pradesh,on_hold,encroachment
PRJ-00434,Medium,83,71,123,84,65,102,68,4.89,157,2,52.9,5.3,2301509.0,2279645.0,0.9905,170,99,66.4,540,0,1,0,Railway,Rajasthan,completed,compensation
PRJ-00435,Medium,105,38,75,124,68,87,53,6.58,39,2,10.2,3.0,97542.0,79126.0,0.8112,192,69,80.4,797,0,1,1,Highway,Tamil Nadu,active,encroachment
PRJ-00436,Medium,75,49,121,65,53,143,63,5.02,7,1,40.5,2.1,228179.0,228179.0,1.0,424,131,56.7,668,1,1,1,Highway,Tamil Nadu,on_hold,legal_challenge
PRJ-00437,Medium,68,40,160,66,100,80,84,2.65,67,0,35.5,3.0,467414.0,264416.0,0.5657,54,22,83.7,434,1,1,1,Industrial,Andhra Pradesh,on_hold,boundary
PRJ-00438,Medium,44,30,132,45,71,118,42,34.24,3,1,41.6,3.7,97036.0,42114.0,0.434,341,133,63.2,719,0,1,1,Industrial,Maharashtra,planned,encroachment
PRJ-00439,Critical,104,61,154,76,102,71,67,5.95,98,6,18.6,1.0,325590.0,0.0,0.0,480,341,3.9,440,0,1,1,Power Line,Telangana,planned,none
PRJ-00440,Medium,78,59,117,62,59,49,62,2.42,5,0,32.7,0.9,169854.0,125437.0,0.7385,432,105,30.9,510,1,1,1,Resettlement,Uttar Pradesh,planned,legal_challenge
PRJ-00441,Medium,39,73,68,127,69,73,77,11.33,37,3,6.3,2.6,1127848.0,888406.0,0.7877,341,67,54.1,720,1,1,1,Highway,Karnataka,active,legal_challenge
PRJ-00442,Low,46,33,73,136,49,43,36,2.74,34,0,44.6,1.6,17613.0,14430.0,0.8193,350,128,64.3,740,1,1,1,Power Line,Andhra Pradesh,completed,title_dispute
PRJ-00443,Medium,102,75,115,71,62,75,64,4.89,27,2,29.8,6.3,21705.0,12663.0,0.5834,312,110,99.8,580,1,1,0,Railway,Tamil Nadu,completed,legal_challenge
PRJ-00444,Medium,82,54,147,90,69,50,56,2.11,71,1,50.1,3.9,709330.0,498872.0,0.7033,293,127,56.3,592,1,1,1,Resettlement,West Bengal,completed,title_dispute
PRJ-00445,High,87,67,116,73,69,57,56,0.99,0,0,5.5,5.8,20830.0,10386.0,0.4986,150,71,32.0,665,1,1,1,Resettlement,Rajasthan,completed,encroachment
PRJ-00446,High,97,64,149,53,49,105,71,2.99,9,3,26.7,4.8,102198.0,9320.0,0.0912,475,210,35.0,684,0,1,1,Resettlement,Maharashtra,active,compensation
PRJ-00447,Low,60,68,120,71,48,112,54,2.51,21,0,49.2,1.7,1117557.0,893487.0,0.7995,460,214,98.9,519,0,1,1,Highway,Karnataka,completed,boundary
PRJ-00448,Low,61,33,61,49,71,41,35,18.42,12,0,44.2,0.9,83325.0,66810.0,0.8018,93,36,99.7,753,1,1,0,Border Infrastructure,Telangana,active,title_dispute
PRJ-00449,High,100,75,139,89,69,65,66,1.06,215,4,31.1,3.5,242814.0,16633.0,0.0685,45,28,22.0,794,0,1,1,Railway,Karnataka,on_hold,none
PRJ-00450,High,92,75,165,85,110,56,71,22.83,151,0,50.7,4.1,91176.0,12938.0,0.1419,161,67,23.5,563,1,1,1,Industrial,Karnataka,planned,title_dispute
PRJ-00451,Low,45,32,90,112,108,79,36,4.61,10,0,13.5,3.2,628481.0,522016.0,0.8306,390,185,85.7,658,0,1,0,Power Line,Andhra Pradesh,active,compensation
PRJ-00452,Medium,83,49,114,109,89,85,70,6.43,11,3,17.6,5.0,96380.0,46243.0,0.4798,209,43,30.8,604,0,1,1,Industrial,Tamil Nadu,on_hold,none
PRJ-00453,Medium,98,42,130,97,47,124,59,12.7,115,1,19.2,0.8,50038.0,41276.0,0.8249,292,143,71.2,776,0,1,1,Border Infrastructure,Tamil Nadu,active,encroachment
PRJ-00454,High,80,68,126,127,82,122,74,1.43,145,3,27.3,1.8,15976.0,9456.0,0.5919,183,27,12.5,576,0,0,1,Resettlement,Uttar Pradesh,planned,none
PRJ-00455,High,70,47,156,64,72,130,62,3.17,185,1,10.5,4.3,414921.0,0.0,0.0,230,8,7.0,519,1,0,1,Industrial,Rajasthan,on_hold,legal_challenge
PRJ-00456,High,90,73,152,89,115,78,87,4.43,71,3,23.3,4.1,2818403.0,650206.0,0.2307,12,3,22.0,456,0,1,1,Highway,Karnataka,planned,compensation
PRJ-00457,High,95,52,129,97,70,91,54,3.34,72,4,10.8,1.7,201135.0,84316.0,0.4192,252,125,61.8,472,0,1,1,Industrial,West Bengal,active,compensation
PRJ-00458,Low,63,81,100,114,36,45,46,12.25,6,0,59.4,4.7,314268.0,314268.0,1.0,32,11,100.0,404,0,1,1,Highway,Andhra Pradesh,on_hold,compensation
PRJ-00459,Critical,89,60,172,121,83,89,77,2.63,287,5,34.1,2.6,253933.0,15109.0,0.0595,123,96,20.8,660,0,0,1,Highway,West Bengal,planned,boundary
PRJ-00460,Medium,82,56,161,64,74,43,48,4.65,46,1,20.8,2.6,1246671.0,1121256.0,0.8994,479,273,76.7,420,0,1,1,Border Infrastructure,West Bengal,planned,compensation
PRJ-00461,Medium,60,47,113,109,47,126,68,7.08,62,1,26.2,1.6,35426.0,12644.0,0.3569,325,78,45.2,656,0,0,1,Power Line,Uttar Pradesh,active,none
PRJ-00462,Medium,38,59,97,50,84,100,50,9.63,30,0,20.8,1.0,66627.0,26498.0,0.3977,49,28,89.9,666,0,1,1,Highway,Uttar Pradesh,on_hold,compensation
PRJ-00463,Low,90,47,89,51,54,58,58,7.34,24,0,8.6,0.5,132071.0,79995.0,0.6057,234,101,96.9,505,1,1,0,Border Infrastructure,Gujarat,active,legal_challenge
PRJ-00464,High,56,42,115,70,61,118,36,0.85,188,1,32.9,5.6,34482.0,8486.0,0.2461,225,179,33.9,794,1,0,0,Industrial,Gujarat,on_hold,title_dispute
PRJ-00465,Medium,50,76,111,95,69,61,63,1.42,31,1,29.9,3.7,216844.0,142813.0,0.6586,167,112,56.7,474,1,1,1,Resettlement,Tamil Nadu,planned,legal_challenge
PRJ-00466,Medium,79,45,131,99,39,81,53,1.85,144,1,37.5,5.2,2373546.0,1924234.0,0.8107,82,51,63.1,454,1,0,0,Border Infrastructure,West Bengal,completed,boundary
PRJ-00467,Medium,42,42,128,38,86,36,59,12.73,81,0,43.3,0.5,7352762.0,1669812.0,0.2271,188,11,81.9,799,1,1,1,Resettlement,Telangana,active,legal_challenge
PRJ-00468,High,75,37,116,138,101,85,67,3.83,61,3,6.0,3.9,165486.0,77150.0,0.4662,256,97,41.9,483,1,0,1,Railway,Andhra Pradesh,completed,title_dispute
PRJ-00469,High,90,71,77,124,98,82,73,2.94,76,2,23.6,6.6,977916.0,268047.0,0.2741,38,5,20.2,624,0,1,1,Resettlement,Maharashtra,completed,compensation
PRJ-00470,Medium,66,50,146,103,93,84,43,2.05,8,2,29.3,3.8,195315.0,112013.0,0.5735,373,93,76.2,713,0,1,0,Border Infrastructure,West Bengal,active,encroachment
PRJ-00471,Medium,86,62,140,83,89,85,79,0.41,9,1,48.2,2.1,226512.0,220102.0,0.9717,270,116,47.3,776,1,1,0,Railway,Maharashtra,planned,encroachment
PRJ-00472,Medium,91,38,144,87,55,72,50,2.66,61,1,13.7,3.1,76507.0,70448.0,0.9208,241,32,61.7,550,0,0,0,Industrial,Maharashtra,on_hold,encroachment
PRJ-00473,High,81,75,140,64,60,97,62,6.76,41,1,26.3,4.5,18421.0,359.0,0.0195,403,188,28.6,756,0,1,1,Border Infrastructure,Tamil Nadu,completed,none
PRJ-00474,Critical,99,82,117,109,115,95,73,5.28,92,6,9.9,1.1,456161.0,0.0,0.0,51,10,43.3,754,1,1,0,Industrial,Maharashtra,completed,legal_challenge
PRJ-00475,Low,88,78,100,120,65,73,48,4.71,26,0,25.9,1.1,131482.0,126288.0,0.9605,48,20,100.0,596,0,1,0,Power Line,Tamil Nadu,planned,none
PRJ-00476,High,98,50,139,82,67,41,48,2.55,131,1,59.2,2.3,97869.0,14905.0,0.1523,88,61,22.6,491,0,0,1,Border Infrastructure,Tamil Nadu,completed,none
PRJ-00477,High,98,66,119,81,98,103,54,7.38,92,0,52.2,4.6,828392.0,0.0,0.0,323,197,37.4,406,0,1,1,Resettlement,Madhya Pradesh,active,none
PRJ-00478,Medium,101,40,116,66,103,63,79,3.59,73,1,49.2,3.8,15017.0,9597.0,0.6391,237,77,64.5,440,0,0,1,Highway,Andhra Pradesh,completed,compensation
PRJ-00479,Medium,59,40,141,91,41,85,58,5.03,5,0,56.3,2.8,211465.0,144769.0,0.6846,23,2,73.3,416,0,1,1,Resettlement,Andhra Pradesh,active,none
PRJ-00480,Low,82,37,97,121,43,133,85,1.65,9,0,22.4,4.2,38194.0,37648.0,0.9857,349,79,78.6,738,0,1,1,Resettlement,Rajasthan,planned,none
PRJ-00481,High,31,65,157,78,59,104,69,1.83,10,0,18.9,4.5,540050.0,0.0,0.0,398,95,21.1,588,1,1,0,Industrial,Andhra Pradesh,completed,title_dispute
PRJ-00482,Medium,54,56,120,42,71,109,65,8.04,29,1,6.0,2.8,1453496.0,1073988.0,0.7389,173,72,51.7,668,0,1,1,Railway,Uttar Pradesh,planned,boundary
PRJ-00483,High,88,71,152,112,78,103,76,1.48,223,2,10.3,0.6,56805.0,34776.0,0.6122,223,108,14.3,562,0,1,0,Power Line,Telangana,planned,encroachment
PRJ-00484,Critical,49,69,150,124,61,129,71,4.34,185,5,34.8,4.3,646690.0,0.0,0.0,418,60,4.7,712,1,0,1,Railway,Tamil Nadu,completed,legal_challenge
PRJ-00485,Medium,62,51,147,51,82,64,54,4.16,27,1,47.3,2.5,16998.0,10272.0,0.6043,414,203,60.9,612,0,1,1,Highway,Gujarat,planned,none
PRJ-00486,High,81,69,151,39,75,128,71,17.62,226,2,24.1,7.2,2463874.0,869748.0,0.353,135,85,36.4,557,0,1,0,Power Line,Andhra Pradesh,active,none
PRJ-00487,Medium,68,54,127,67,78,117,54,3.67,115,0,57.3,2.1,21938.0,13503.0,0.6155,431,60,56.4,569,0,1,1,Power Line,Karnataka,on_hold,boundary
PRJ-00488,Low,49,69,86,88,72,52,34,1.23,36,1,49.5,0.7,41713.0,32878.0,0.7882,463,124,100.0,611,0,0,1,Highway,Madhya Pradesh,active,encroachment
PRJ-00489,High,64,52,124,88,73,56,68,2.73,56,2,27.7,3.7,966524.0,173298.0,0.1793,414,303,49.1,581,1,0,1,Resettlement,Andhra Pradesh,on_hold,legal_challenge
PRJ-00490,Critical,65,85,138,106,46,113,74,18.41,314,7,14.8,3.4,30040.0,0.0,0.0,436,57,0.0,710,0,1,1,Resettlement,Tamil Nadu,planned,boundary
PRJ-00491,Low,38,58,99,40,31,98,36,1.22,6,0,37.2,4.3,135811.0,135811.0,1.0,259,181,84.1,590,1,1,0,Power Line,Rajasthan,on_hold,title_dispute
PRJ-00492,Low,47,32,101,79,103,77,48,8.11,2,0,50.6,3.7,44017.0,39272.0,0.8922,472,34,100.0,659,1,1,0,Railway,Gujarat,on_hold,compensation
PRJ-00493,Critical,51,77,160,90,98,103,82,4.81,138,4,43.0,7.1,152017.0,3162.0,0.0208,78,48,0.0,450,1,1,1,Resettlement,Gujarat,completed,title_dispute
PRJ-00494,High,102,73,124,77,75,84,51,2.25,170,4,30.0,4.0,223099.0,69495.0,0.3115,370,255,15.3,459,1,1,0,Power Line,Andhra Pradesh,active,compensation
PRJ-00495,Critical,95,66,134,56,90,110,51,5.39,46,7,15.8,1.7,366651.0,37618.0,0.1026,397,209,0.0,559,1,1,1,Highway,Telangana,on_hold,encroachment
PRJ-00496,Medium,36,60,110,117,49,105,66,3.62,77,1,14.4,1.1,13672.0,7876.0,0.5761,400,141,88.8,460,0,1,1,Resettlement,Gujarat,active,compensation
PRJ-00497,High,55,74,109,102,79,90,61,3.23,152,2,41.7,3.5,2129178.0,983041.0,0.4617,143,16,28.8,760,0,1,1,Highway,Karnataka,planned,compensation
PRJ-00498,Critical,60,69,159,87,88,146,76,3.56,246,6,47.2,4.7,101044.0,2223.0,0.022,30,3,25.2,641,1,1,1,Highway,Tamil Nadu,on_hold,legal_challenge
PRJ-00499,Low,69,59,106,58,64,56,35,10.05,17,0,23.1,1.3,24899.0,23226.0,0.9328,365,174,100.0,703,0,1,1,Highway,Maharashtra,completed,none
PRJ-00500,Medium,102,37,110,86,99,45,57,3.18,33,2,53.2,3.3,195870.0,108120.0,0.552,45,35,65.6,786,0,1,1,Railway,Madhya Pradesh,on_hold,boundary
PRJ-00501,High,105,64,76,112,81,65,52,4.93,248,4,39.2,1.5,241559.0,151602.0,0.6276,245,45,2.3,514,1,1,1,Highway,Madhya Pradesh,completed,boundary
PRJ-00502,High,90,59,161,66,91,36,80,1.82,237,3,16.8,1.0,148473.0,62062.0,0.418,408,280,44.5,566,0,0,1,Resettlement,Rajasthan,completed,compensation
PRJ-00503,Medium,85,65,105,55,61,113,83,3.58,40,1,12.7,3.4,200469.0,136660.0,0.6817,398,110,50.4,694,1,0,1,Highway,Madhya Pradesh,on_hold,encroachment
PRJ-00504,Medium,91,69,128,99,82,100,62,6.36,109,3,16.9,1.6,2727.0,2392.0,0.877,127,63,22.3,680,1,1,1,Resettlement,Karnataka,planned,boundary
PRJ-00505,High,80,39,132,118,57,101,65,4.29,131,2,17.5,2.2,1800036.0,170463.0,0.0947,283,157,26.9,488,1,1,1,Resettlement,Karnataka,active,title_dispute
PRJ-00506,High,77,58,151,129,68,121,72,1.22,140,2,50.3,6.0,516251.0,310473.0,0.6014,289,22,46.8,627,1,1,1,Power Line,Karnataka,completed,none
PRJ-00507,Medium,79,73,103,90,72,39,61,9.85,167,0,45.5,7.1,441937.0,365394.0,0.8268,51,8,19.4,471,0,1,0,Power Line,Karnataka,completed,boundary
PRJ-00508,High,67,68,130,80,89,101,65,3.64,105,3,43.3,4.5,363108.0,147785.0,0.407,105,17,15.3,562,0,1,0,Industrial,Maharashtra,active,encroachment
PRJ-00509,High,67,62,97,138,52,129,78,18.46,182,4,29.0,4.5,34873.0,33457.0,0.9594,211,143,40.8,550,1,1,0,Power Line,Uttar Pradesh,on_hold,none
PRJ-00510,High,74,63,92,55,72,60,47,1.64,12,2,52.9,3.8,8978.0,0.0,0.0,226,126,16.3,601,0,1,1,Power Line,Maharashtra,on_hold,none
PRJ-00511,Medium,115,48,91,91,54,105,49,2.85,12,0,51.5,3.6,92339.0,67500.0,0.731,289,88,82.0,584,1,1,1,Railway,Uttar Pradesh,active,title_dispute
PRJ-00512,High,75,66,164,99,97,101,39,8.0,47,4,57.3,0.7,57454.0,14134.0,0.246,341,119,55.5,469,1,1,1,Industrial,Tamil Nadu,planned,none
PRJ-00513,Medium,62,50,86,73,36,48,71,3.08,46,1,33.4,4.0,466171.0,300634.0,0.6449,287,188,91.9,596,1,1,1,Power Line,Madhya Pradesh,completed,legal_challenge
PRJ-00514,Medium,56,51,94,98,55,51,49,1.73,60,0,8.9,5.4,2800571.0,1866581.0,0.6665,215,159,72.6,695,1,1,1,Highway,Telangana,completed,title_dispute
PRJ-00515,Medium,101,52,117,106,61,99,43,2.44,109,2,49.6,1.8,188771.0,41228.0,0.2184,497,274,95.0,472,1,1,0,Railway,Maharashtra,completed,title_dispute
PRJ-00516,High,78,69,147,145,112,135,83,23.81,40,2,54.2,2.1,341785.0,47166.0,0.138,246,124,12.0,739,1,1,1,Border Infrastructure,Rajasthan,planned,legal_challenge
PRJ-00517,Low,43,60,99,50,78,71,55,3.78,9,0,39.0,0.2,184966.0,133971.0,0.7243,403,3,68.6,632,1,1,1,Railway,Andhra Pradesh,on_hold,legal_challenge
PRJ-00518,Medium,61,55,111,78,47,78,43,16.63,5,1,27.1,3.0,429339.0,283106.0,0.6594,377,236,75.2,533,1,1,1,Border Infrastructure,West Bengal,on_hold,boundary
PRJ-00519,High,67,55,109,122,42,56,54,2.73,91,4,48.9,1.7,145147.0,64286.0,0.4429,47,4,26.5,439,1,1,1,Power Line,Maharashtra,on_hold,title_dispute
PRJ-00520,High,99,77,154,30,112,130,82,6.36,6,0,10.1,3.2,224897.0,28225.0,0.1255,314,43,23.9,702,0,1,1,Railway,Tamil Nadu,on_hold,boundary
PRJ-00521,Low,68,50,151,44,62,89,65,8.73,48,0,56.8,3.2,147290.0,146406.0,0.994,180,141,83.1,474,0,1,1,Resettlement,Tamil Nadu,active,encroachment
PRJ-00522,High,99,47,89,104,83,80,78,3.94,215,1,54.0,3.9,2129239.0,687318.0,0.3228,112,51,45.5,576,1,1,0,Border Infrastructure,Madhya Pradesh,completed,compensation
PRJ-00523,High,86,55,71,56,73,101,53,10.72,115,3,43.7,4.3,593810.0,236693.0,0.3986,124,37,37.7,761,0,1,0,Industrial,Maharashtra,completed,encroachment
PRJ-00524,Medium,41,61,96,70,86,72,48,6.66,61,3,12.1,0.9,181643.0,74110.0,0.408,354,270,47.2,449,0,1,1,Highway,Uttar Pradesh,on_hold,encroachment
PRJ-00525,Medium,47,46,94,79,75,69,62,1.65,13,1,34.8,1.4,51032.0,32589.0,0.6386,340,158,76.6,636,0,1,0,Railway,Uttar Pradesh,on_hold,boundary
PRJ-00526,High,100,72,137,121,77,76,65,18.66,63,3,36.1,2.6,2004509.0,634828.0,0.3167,285,2,24.8,404,1,1,1,Industrial,Telangana,on_hold,title_dispute
PRJ-00527,Medium,85,46,107,71,65,101,54,2.77,49,1,35.5,6.4,244168.0,179000.0,0.7331,133,20,36.2,412,1,1,1,Railway,Karnataka,planned,title_dispute
PRJ-00528,High,106,72,103,85,96,110,72,3.56,230,0,29.3,0.9,3179665.0,868049.0,0.273,49,33,54.3,466,1,1,0,Power Line,Telangana,active,legal_challenge
PRJ-00529,Medium,80,36,175,96,90,85,69,5.04,27,1,11.2,4.3,361312.0,327746.0,0.9071,343,256,84.8,727,1,1,0,Industrial,Telangana,planned,title_dispute
PRJ-00530,Low,73,51,134,66,46,57,51,3.81,5,0,34.2,2.9,553675.0,346767.0,0.6263,402,20,98.6,598,0,0,0,Power Line,Uttar Pradesh,on_hold,boundary
PRJ-00531,Medium,64,34,106,94,68,91,74,3.71,50,2,55.2,4.2,51217.0,40728.0,0.7952,96,49,37.4,455,1,1,1,Industrial,Rajasthan,completed,none
PRJ-00532,Low,32,57,80,71,46,42,44,0.4,1,0,17.8,0.8,930067.0,930067.0,1.0,402,143,95.3,654,0,1,0,Border Infrastructure,Karnataka,on_hold,none
PRJ-00533,Medium,43,58,95,82,68,122,57,2.03,65,0,37.1,3.6,115358.0,104261.0,0.9038,268,151,73.0,794,1,1,1,Resettlement,Uttar Pradesh,active,title_dispute
PRJ-00534,Medium,48,61,91,61,53,94,43,6.21,44,1,5.0,1.2,80835.0,24978.0,0.309,67,30,62.9,583,1,1,1,Border Infrastructure,Uttar Pradesh,planned,legal_challenge
PRJ-00535,Medium,67,59,129,63,58,119,52,11.53,93,0,25.9,2.5,1262096.0,573118.0,0.4541,435,159,46.9,792,0,0,0,Power Line,Maharashtra,planned,boundary
PRJ-00536,High,75,64,143,127,64,131,75,9.16,37,3,58.8,1.7,562651.0,957.0,0.0017,254,17,30.7,723,0,0,1,Power Line,Uttar Pradesh,active,boundary
PRJ-00537,Medium,41,52,91,94,68,83,54,0.72,107,1,57.6,4.6,123331.0,91425.0,0.7413,260,111,48.1,630,0,0,1,Power Line,Maharashtra,active,encroachment
PRJ-00538,Low,67,42,76,73,62,41,59,4.21,39,0,39.3,4.0,14269.0,9858.0,0.6909,239,179,97.3,674,0,1,0,Power Line,West Bengal,planned,encroachment
PRJ-00539,High,89,43,125,126,52,142,82,5.07,157,0,9.3,1.9,3402801.0,570309.0,0.1676,129,72,15.9,466,1,1,0,Power Line,Maharashtra,active,encroachment
PRJ-00540,Low,49,43,95,55,37,42,32,6.03,3,0,30.9,3.4,2938077.0,2777364.0,0.9453,259,123,100.0,715,1,1,0,Border Infrastructure,Karnataka,active,legal_challenge
PRJ-00541,Low,38,58,103,61,51,80,71,5.74,42,0,32.3,1.4,131870.0,102094.0,0.7742,75,19,100.0,509,0,1,1,Resettlement,Uttar Pradesh,completed,boundary
PRJ-00542,Low,77,35,81,55,63,47,38,2.12,29,0,56.9,1.6,175847.0,175847.0,1.0,361,106,91.6,484,0,1,1,Highway,West Bengal,planned,boundary
PRJ-00543,Medium,74,54,117,96,71,76,59,2.8,48,0,6.1,1.5,427480.0,213697.0,0.4999,455,177,16.9,403,1,0,0,Industrial,Maharashtra,planned,title_dispute
PRJ-00544,High,99,75,113,133,56,143,80,4.37,196,1,42.8,2.6,125298.0,7167.0,0.0572,110,12,9.1,538,1,1,1,Resettlement,Telangana,completed,title_dispute
PRJ-00545,High,73,68,156,51,76,69,71,14.11,210,1,10.8,0.7,152359.0,36597.0,0.2402,372,148,30.6,445,1,1,0,Industrial,Uttar Pradesh,active,legal_challenge
PRJ-00546,Medium,64,46,81,67,74,101,54,3.21,14,1,37.4,2.5,191602.0,87485.0,0.4566,53,26,86.1,789,1,1,0,Border Infrastructure,West Bengal,planned,legal_challenge
PRJ-00547,Low,41,55,130,72,44,49,32,4.82,3,0,21.8,4.9,43892.0,43892.0,1.0,355,239,89.7,642,0,1,0,Power Line,Madhya Pradesh,active,boundary
PRJ-00548,Medium,68,77,74,75,54,75,34,1.83,26,1,22.2,2.0,43829.0,21397.0,0.4882,320,206,48.2,788,0,1,1,Power Line,Maharashtra,on_hold,boundary
PRJ-00549,Medium,94,57,122,70,87,91,71,1.74,28,0,47.9,4.8,7509.0,2842.0,0.3785,463,87,31.5,627,0,1,1,Industrial,Andhra Pradesh,active,none
PRJ-00550,Medium,90,44,87,74,64,56,45,5.41,27,1,14.3,3.3,62211.0,53246.0,0.8559,450,71,68.8,512,0,1,1,Industrial,West Bengal,planned,boundary
PRJ-00551,Medium,51,45,135,85,89,105,62,2.94,90,2,42.8,0.8,121399.0,79431.0,0.6543,74,27,54.2,499,1,1,0,Industrial,Uttar Pradesh,active,legal_challenge
PRJ-00552,High,95,53,111,79,115,74,67,2.05,20,2,55.9,5.0,371069.0,65234.0,0.1758,74,6,15.5,638,0,0,1,Resettlement,Gujarat,active,none
PRJ-00553,Low,57,64,99,75,114,64,55,2.99,51,0,25.1,6.0,115374.0,100745.0,0.8732,300,232,84.5,517,1,1,0,Industrial,West Bengal,on_hold,legal_challenge
PRJ-00554,Medium,36,45,109,37,54,78,56,1.37,61,0,55.9,0.6,96773.0,64306.0,0.6645,131,34,81.7,696,0,1,0,Industrial,Madhya Pradesh,completed,encroachment
PRJ-00555,Low,79,59,108,136,59,39,65,20.23,9,0,18.9,2.4,1144380.0,777721.0,0.6796,22,7,100.0,601,0,1,1,Highway,Telangana,completed,none
PRJ-00556,Low,42,49,127,66,61,95,56,11.1,0,0,27.5,5.0,62618.0,61773.0,0.9865,491,85,100.0,583,0,1,1,Border Infrastructure,Karnataka,completed,compensation
PRJ-00557,High,75,68,131,110,111,53,68,3.54,205,0,52.5,1.5,217651.0,56241.0,0.2584,237,87,41.0,470,0,1,0,Power Line,Madhya Pradesh,on_hold,compensation
PRJ-00558,High,95,69,66,92,61,128,49,4.62,203,0,20.7,0.5,1370340.0,276946.0,0.2021,202,144,5.1,570,1,1,1,Power Line,West Bengal,completed,title_dispute
PRJ-00559,Low,63,44,150,38,70,112,64,14.82,13,0,15.1,5.5,704019.0,704019.0,1.0,268,202,96.3,745,1,1,1,Power Line,Rajasthan,active,title_dispute
PRJ-00560,Low,70,65,64,33,50,41,50,2.91,7,0,55.5,4.7,36321.0,36321.0,1.0,336,150,70.7,434,1,1,1,Resettlement,Uttar Pradesh,completed,legal_challenge
PRJ-00561,High,97,64,129,94,50,88,89,3.0,179,3,50.9,2.6,146907.0,38769.0,0.2639,382,287,57.8,697,0,1,0,Industrial,Gujarat,on_hold,compensation
PRJ-00562,Medium,88,79,79,39,83,75,51,6.03,108,2,23.2,5.0,34751.0,28200.0,0.8115,32,1,39.3,576,0,1,1,Resettlement,Gujarat,on_hold,boundary
PRJ-00563,High,71,71,143,107,64,102,65,2.98,213,0,31.6,0.7,254194.0,72725.0,0.2861,101,72,36.6,634,1,1,1,Border Infrastructure,Karnataka,on_hold,encroachment
PRJ-00564,Low,43,49,133,124,68,59,54,2.58,8,0,22.2,0.3,119208.0,119208.0,1.0,82,57,83.8,666,0,0,1,Highway,Karnataka,active,boundary
PRJ-00565,Medium,89,42,143,118,103,74,46,0.9,78,0,25.6,1.6,1069453.0,845510.0,0.7906,154,23,72.0,411,0,1,0,Power Line,Uttar Pradesh,active,encroachment
PRJ-00566,High,92,80,115,98,38,38,53,5.7,107,4,10.5,2.0,255537.0,129685.0,0.5075,308,164,39.9,671,1,1,1,Border Infrastructure,West Bengal,on_hold,title_dispute
PRJ-00567,Low,53,72,88,77,41,119,39,8.12,22,0,17.4,4.5,637096.0,516239.0,0.8103,252,74,93.2,547,0,0,1,Railway,Rajasthan,active,boundary
PRJ-00568,Medium,75,59,141,93,67,74,38,0.61,49,1,37.1,2.2,168586.0,134127.0,0.7956,434,245,54.1,741,1,1,1,Industrial,Madhya Pradesh,active,title_dispute
PRJ-00569,Low,49,82,84,49,57,40,81,11.28,16,0,37.4,4.7,1555664.0,1555664.0,1.0,99,16,100.0,762,1,0,1,Highway,Karnataka,on_hold,legal_challenge
PRJ-00570,Medium,58,48,92,79,93,113,54,3.05,37,3,37.4,1.0,214317.0,120125.0,0.5605,159,15,74.1,412,0,1,1,Resettlement,West Bengal,active,boundary
PRJ-00571,Low,40,38,96,51,38,47,31,2.0,1,0,43.7,1.4,49128.0,49128.0,1.0,174,90,100.0,551,0,1,0,Border Infrastructure,Tamil Nadu,on_hold,compensation
PRJ-00572,High,95,43,153,101,101,109,72,3.54,164,3,59.6,5.2,598790.0,393405.0,0.657,357,32,19.9,645,1,1,1,Power Line,Telangana,active,legal_challenge
PRJ-00573,Medium,69,77,107,93,87,106,57,4.68,44,2,52.2,4.3,18730.0,9554.0,0.5101,187,13,64.5,428,0,1,1,Highway,Andhra Pradesh,on_hold,none
PRJ-00574,Low,83,50,106,63,50,115,34,3.79,6,0,28.0,5.4,173273.0,129729.0,0.7487,351,188,87.2,444,0,1,1,Industrial,Andhra Pradesh,on_hold,compensation
PRJ-00575,Medium,43,66,107,91,82,95,55,2.84,27,2,26.3,6.5,148502.0,96942.0,0.6528,194,59,69.0,406,1,1,1,Railway,Telangana,planned,title_dispute
PRJ-00576,High,72,36,159,78,107,116,74,2.09,165,4,16.1,4.8,41666.0,7371.0,0.1769,416,147,36.4,483,0,1,1,Railway,Madhya Pradesh,planned,compensation
PRJ-00577,Medium,46,34,114,133,54,48,54,2.71,50,1,54.8,2.4,244238.0,163298.0,0.6686,176,9,100.0,702,0,1,1,Industrial,Uttar Pradesh,planned,compensation
PRJ-00578,High,89,47,101,88,65,117,58,6.17,134,0,49.0,4.3,276374.0,53230.0,0.1926,107,15,51.9,595,1,1,1,Border Infrastructure,Rajasthan,active,legal_challenge
PRJ-00579,High,67,53,165,65,92,139,36,1.37,132,1,43.4,3.8,823304.0,363489.0,0.4415,18,11,47.8,478,0,1,0,Railway,Rajasthan,on_hold,encroachment
PRJ-00580,Medium,73,58,153,104,37,70,47,2.84,63,0,22.1,0.5,5308928.0,3962584.0,0.7464,19,1,75.3,541,0,1,1,Highway,Madhya Pradesh,on_hold,encroachment
PRJ-00581,Medium,70,56,110,126,93,57,43,10.49,107,1,28.5,3.9,123798.0,114451.0,0.9245,326,178,45.6,755,1,1,1,Power Line,Telangana,on_hold,legal_challenge
PRJ-00582,High,97,78,147,62,117,76,69,4.03,43,2,54.9,3.2,189176.0,71055.0,0.3756,241,169,14.6,469,0,0,1,Highway,Telangana,on_hold,compensation
PRJ-00583,Medium,52,62,88,82,54,128,35,36.76,78,0,16.0,3.4,291453.0,246744.0,0.8466,268,41,58.6,721,0,0,0,Border Infrastructure,West Bengal,on_hold,none
PRJ-00584,High,97,51,155,83,81,93,79,5.1,110,3,12.0,1.1,75852.0,0.0,0.0,54,23,20.6,580,1,1,1,Resettlement,Andhra Pradesh,on_hold,title_dispute
PRJ-00585,High,85,70,147,64,102,99,44,8.42,163,3,48.2,1.7,928951.0,124387.0,0.1339,476,346,41.1,452,1,1,0,Industrial,Maharashtra,on_hold,boundary
PRJ-00586,Medium,78,54,152,87,71,145,58,1.18,17,0,14.8,4.6,35630.0,25329.0,0.7109,424,44,49.2,408,0,1,1,Railway,Andhra Pradesh,planned,encroachment
PRJ-00587,High,112,78,158,128,85,111,67,3.64,9,0,7.8,1.6,23270.0,6599.0,0.2836,118,12,17.6,755,1,0,1,Railway,Madhya Pradesh,on_hold,compensation
PRJ-00588,High,64,85,101,84,90,111,50,3.02,43,0,48.7,1.3,366513.0,152176.0,0.4152,14,8,21.4,787,1,1,1,Highway,Tamil Nadu,completed,title_dispute
PRJ-00589,Medium,78,48,117,97,66,110,73,2.39,15,3,22.8,2.1,623215.0,295529.0,0.4742,65,47,27.8,422,1,0,1,Highway,Gujarat,planned,title_dispute
PRJ-00590,Medium,63,50,93,90,80,108,81,2.19,20,0,19.7,0.9,13995.0,10367.0,0.7408,348,97,77.2,446,1,1,1,Highway,Maharashtra,planned,legal_challenge
PRJ-00591,Low,63,51,104,132,95,49,46,4.34,41,0,28.3,5.1,271669.0,249474.0,0.9183,263,119,90.0,450,0,1,0,Railway,Rajasthan,on_hold,boundary
PRJ-00592,Low,52,39,63,64,47,46,56,2.57,0,0,47.3,2.4,259503.0,206253.0,0.7948,476,191,100.0,762,1,1,1,Resettlement,Gujarat,active,legal_challenge
PRJ-00593,Critical,97,62,81,52,44,130,63,1.63,88,4,48.8,2.2,65383.0,0.0,0.0,199,67,0.0,663,1,0,1,Industrial,Telangana,completed,title_dispute
PRJ-00594,Medium,73,65,120,98,77,107,67,7.36,131,2,34.4,3.4,323784.0,250544.0,0.7738,365,84,50.0,769,1,1,1,Highway,West Bengal,completed,none
PRJ-00595,High,75,56,87,99,78,60,66,2.79,95,4,45.6,2.9,87849.0,48071.0,0.5472,120,53,36.6,548,0,1,0,Border Infrastructure,Karnataka,on_hold,encroachment
PRJ-00596,Low,50,51,103,90,57,37,67,1.73,4,0,22.0,3.4,2286454.0,2286454.0,1.0,349,29,91.6,624,0,1,1,Power Line,Madhya Pradesh,on_hold,compensation
PRJ-00597,High,81,84,169,144,112,71,82,8.57,79,0,27.5,2.4,73870.0,2253.0,0.0305,191,149,8.6,573,1,0,0,Border Infrastructure,Uttar Pradesh,planned,title_dispute
PRJ-00598,High,58,75,140,95,68,126,72,4.84,102,2,35.1,1.4,410402.0,21300.0,0.0519,392,247,24.7,729,0,1,1,Highway,Uttar Pradesh,active,encroachment
PRJ-00599,Medium,51,59,143,98,92,80,64,8.5,64,0,12.7,2.2,81216.0,41266.0,0.5081,67,13,84.5,654,1,1,0,Border Infrastructure,Telangana,completed,legal_challenge
PRJ-00600,Medium,100,81,129,115,76,68,60,1.34,6,0,35.5,1.1,147126.0,90071.0,0.6122,200,96,62.4,567,0,1,1,Highway,Maharashtra,planned,none
PRJ-00601,Medium,51,54,145,72,101,54,37,8.67,68,1,54.0,3.1,8541.0,8541.0,1.0,256,103,78.1,677,0,1,1,Highway,Karnataka,completed,encroachment
PRJ-00602,High,91,67,144,107,48,135,67,7.89,52,5,37.4,5.1,62373.0,0.0,0.0,235,59,18.7,592,0,0,1,Highway,Andhra Pradesh,planned,encroachment
PRJ-00603,Medium,68,40,87,70,102,54,61,5.81,36,0,29.2,4.1,552219.0,359163.0,0.6504,164,93,86.8,649,1,1,0,Railway,Tamil Nadu,on_hold,title_dispute
PRJ-00604,High,94,82,122,108,71,68,59,3.91,44,4,14.1,3.9,201723.0,48030.0,0.2381,33,10,47.8,653,0,1,0,Power Line,Madhya Pradesh,completed,encroachment
PRJ-00605,High,91,83,77,79,60,39,52,4.04,38,2,42.3,4.6,14296.0,2024.0,0.1416,183,118,21.5,698,1,1,1,Resettlement,Rajasthan,planned,none
PRJ-00606,Medium,75,51,142,102,74,72,46,3.89,62,2,47.7,0.7,56492.0,45143.0,0.7991,184,8,26.5,525,0,1,0,Border Infrastructure,West Bengal,planned,encroachment
PRJ-00607,Low,66,70,140,68,34,67,55,14.07,46,0,35.7,1.1,50652.0,50652.0,1.0,24,8,81.5,616,0,1,1,Resettlement,Karnataka,planned,boundary
PRJ-00608,Low,51,57,75,96,65,73,42,4.65,3,0,31.5,0.7,65550.0,55822.0,0.8516,297,92,100.0,693,1,1,1,Highway,Rajasthan,completed,legal_challenge
PRJ-00609,High,58,81,119,125,85,105,42,7.59,169,2,17.1,5.1,128585.0,60139.0,0.4677,90,44,35.4,586,0,1,1,Highway,Madhya Pradesh,active,boundary
PRJ-00610,Medium,57,64,79,67,88,45,77,1.12,40,1,59.2,2.7,2130423.0,2050958.0,0.9627,416,75,66.4,780,0,1,0,Railway,Karnataka,active,boundary
PRJ-00611,High,95,68,128,123,87,70,59,5.79,153,3,32.2,4.1,15828.0,7303.0,0.4614,223,37,38.6,439,0,1,1,Resettlement,Telangana,on_hold,none
PRJ-00612,Medium,59,57,163,90,97,95,56,2.22,53,3,52.0,4.4,242915.0,194988.0,0.8027,237,127,58.6,680,0,0,0,Border Infrastructure,Rajasthan,on_hold,compensation
PRJ-00613,High,74,68,148,81,84,112,47,2.61,157,2,49.8,3.3,44304.0,15148.0,0.3419,484,247,36.3,714,0,1,0,Railway,Tamil Nadu,completed,compensation
PRJ-00614,Medium,67,40,125,93,62,123,52,16.57,56,0,29.7,1.3,121442.0,47642.0,0.3923,387,212,58.9,553,0,1,0,Railway,Maharashtra,active,boundary
PRJ-00615,Medium,77,37,93,106,43,110,39,33.26,38,0,50.9,6.6,88292.0,59226.0,0.6708,136,74,75.6,520,0,1,1,Power Line,Karnataka,active,encroachment
PRJ-00616,High,81,71,133,100,73,91,58,0.93,124,3,51.3,0.9,6552357.0,2741506.0,0.4184,336,243,58.3,503,1,0,1,Resettlement,Gujarat,completed,encroachment
PRJ-00617,High,94,61,77,125,68,131,65,2.03,211,0,36.7,1.3,175220.0,19081.0,0.1089,33,22,0.0,442,1,0,1,Resettlement,Rajasthan,active,title_dispute
PRJ-00618,High,71,58,141,53,106,76,89,10.69,30,4,14.4,1.2,106461.0,57372.0,0.5389,487,327,40.4,471,0,1,1,Highway,Rajasthan,completed,boundary
PRJ-00619,High,108,61,141,108,80,136,52,18.79,107,0,13.2,4.4,978873.0,277119.0,0.2831,400,258,22.1,568,0,1,1,Highway,Andhra Pradesh,on_hold,encroachment
PRJ-00620,Low,76,48,105,87,65,110,44,4.19,11,0,21.5,3.1,836472.0,737434.0,0.8816,230,75,98.6,701,0,1,0,Border Infrastructure,Gujarat,active,compensation
PRJ-00621,High,92,55,134,102,57,106,57,3.8,96,1,7.9,2.4,218848.0,0.0,0.0,190,72,35.1,588,0,0,1,Resettlement,Karnataka,completed,encroachment
PRJ-00622,Critical,73,83,170,124,113,102,86,4.8,314,2,43.7,0.7,136268.0,54630.0,0.4009,134,59,0.0,558,1,1,1,Highway,Telangana,planned,title_dispute
PRJ-00623,Critical,104,84,147,86,110,128,72,6.54,195,5,44.2,4.7,12593.0,4465.0,0.3546,9,6,21.8,601,1,1,0,Power Line,West Bengal,planned,legal_challenge
PRJ-00624,Medium,111,46,112,123,46,93,63,4.93,17,1,34.3,0.4,484559.0,411003.0,0.8482,328,83,50.8,792,0,1,1,Highway,Rajasthan,active,boundary
PRJ-00625,High,79,56,97,123,117,89,61,14.55,125,4,26.6,6.1,3809723.0,926525.0,0.2432,453,332,22.2,451,0,1,1,Highway,Rajasthan,completed,encroachment
PRJ-00626,High,77,56,138,118,90,142,54,5.86,168,3,24.9,3.2,116116.0,68764.0,0.5922,237,131,20.4,790,1,1,1,Highway,Andhra Pradesh,on_hold,encroachment
PRJ-00627,Medium,78,47,73,80,74,117,77,16.49,128,1,29.2,3.5,26294.0,13954.0,0.5307,165,76,77.1,456,0,1,0,Power Line,Madhya Pradesh,active,none
PRJ-00628,Medium,70,72,137,73,64,99,60,3.02,30,1,54.5,1.6,3394397.0,1904936.0,0.5612,93,51,50.7,567,0,1,1,Railway,Tamil Nadu,completed,boundary
PRJ-00629,Medium,56,49,136,62,101,54,59,1.76,2,1,22.9,4.8,910136.0,547993.0,0.6021,336,164,77.1,517,1,1,0,Border Infrastructure,Tamil Nadu,completed,legal_challenge
PRJ-00630,Medium,92,65,157,98,102,88,60,4.62,87,1,6.7,2.1,25758.0,20318.0,0.7888,81,5,78.5,588,0,1,1,Resettlement,Gujarat,active,none
PRJ-00631,High,62,54,146,69,72,129,61,16.35,209,0,31.8,6.9,174331.0,32513.0,0.1865,119,67,2.1,497,0,1,1,Power Line,Maharashtra,completed,encroachment
PRJ-00632,High,100,75,83,131,71,103,75,3.45,262,2,28.6,1.7,126969.0,38421.0,0.3026,426,96,40.0,746,1,0,0,Border Infrastructure,Madhya Pradesh,active,encroachment
PRJ-00633,High,106,54,122,116,85,61,67,2.67,78,3,15.3,5.5,51766.0,16933.0,0.3271,303,165,19.9,634,1,1,1,Resettlement,Maharashtra,on_hold,compensation
PRJ-00634,Medium,47,64,102,64,56,109,54,6.97,41,1,54.6,2.4,110640.0,66450.0,0.6006,381,182,62.6,437,1,1,1,Power Line,West Bengal,completed,title_dispute
PRJ-00635,Critical,100,69,162,143,103,84,87,2.59,341,0,9.9,3.0,37546.0,4363.0,0.1162,7,1,10.6,717,0,1,0,Industrial,West Bengal,completed,boundary
PRJ-00636,Medium,49,42,159,34,91,52,77,2.48,15,1,43.9,0.3,9595.0,5787.0,0.6031,257,191,80.2,639,1,1,1,Railway,Tamil Nadu,planned,legal_challenge
PRJ-00637,Low,70,40,95,48,63,43,33,6.36,2,0,8.7,1.2,341485.0,341485.0,1.0,260,181,57.0,543,0,1,1,Border Infrastructure,Andhra Pradesh,active,boundary
PRJ-00638,Medium,102,58,115,62,40,126,48,2.65,26,1,29.3,1.3,248965.0,158392.0,0.6362,382,303,44.2,791,1,1,0,Railway,Rajasthan,on_hold,legal_challenge
PRJ-00639,Low,40,44,138,56,100,122,36,1.29,5,0,14.8,1.5,1132632.0,1132632.0,1.0,245,51,96.6,761,0,1,1,Highway,Madhya Pradesh,active,compensation
PRJ-00640,Critical,98,82,138,133,84,88,80,5.39,283,6,28.1,4.5,1889509.0,0.0,0.0,239,94,0.0,768,0,0,1,Highway,Madhya Pradesh,completed,boundary
PRJ-00641,High,66,65,155,115,98,88,68,3.86,217,3,7.4,2.5,1132514.0,301022.0,0.2658,293,208,29.0,699,1,1,1,Industrial,Karnataka,on_hold,compensation
PRJ-00642,Medium,76,47,109,52,62,114,50,2.4,62,0,51.2,0.8,39432.0,27740.0,0.7035,459,120,64.4,545,0,1,1,Industrial,Telangana,completed,none
PRJ-00643,Low,35,44,81,117,49,91,49,4.0,6,0,43.7,4.4,20330.0,19289.0,0.9488,237,119,99.7,537,0,0,1,Highway,Telangana,on_hold,compensation
PRJ-00644,Critical,89,82,143,112,114,140,81,4.65,275,1,21.3,0.7,106488.0,4536.0,0.0426,113,78,2.0,729,1,1,0,Power Line,Maharashtra,completed,boundary
PRJ-00645,Medium,77,35,107,138,48,79,51,5.44,36,1,54.8,1.7,1062344.0,385950.0,0.3633,499,307,44.6,604,1,1,1,Railway,Andhra Pradesh,completed,none
PRJ-00646,Medium,91,37,90,146,63,95,44,7.65,65,1,38.5,0.9,830234.0,235371.0,0.2835,467,255,52.2,467,0,0,1,Resettlement,Uttar Pradesh,active,none
PRJ-00647,Medium,68,53,110,106,71,128,51,5.58,88,3,27.9,1.9,16653.0,6996.0,0.4201,142,63,60.6,616,1,1,1,Railway,West Bengal,active,encroachment
PRJ-00648,Low,48,50,133,109,39,54,42,8.13,7,0,7.3,3.9,19426.0,19426.0,1.0,351,62,100.0,751,0,1,0,Border Infrastructure,Tamil Nadu,completed,none
PRJ-00649,Medium,94,64,70,66,45,91,67,2.47,106,1,11.1,2.0,107596.0,39800.0,0.3699,81,63,94.9,750,0,1,1,Highway,Andhra Pradesh,on_hold,encroachment
PRJ-00650,Low,72,66,70,98,56,63,45,5.15,1,0,33.0,2.2,568023.0,568023.0,1.0,267,22,100.0,617,1,1,1,Border Infrastructure,Andhra Pradesh,on_hold,legal_challenge
PRJ-00651,High,81,75,147,62,97,89,53,16.19,150,0,52.8,5.0,39393.0,16242.0,0.4123,63,37,29.1,636,0,0,1,Resettlement,Telangana,on_hold,boundary
PRJ-00652,High,86,46,120,129,62,120,83,9.48,133,4,42.4,2.5,618054.0,245676.0,0.3975,305,176,0.0,787,0,1,1,Highway,Uttar Pradesh,planned,encroachment
PRJ-00653,Low,38,64,118,71,94,61,44,18.42,57,0,53.0,1.7,28848.0,28848.0,1.0,451,242,74.3,622,0,0,1,Resettlement,Rajasthan,active,compensation
PRJ-00654,High,90,54,93,45,68,123,50,11.7,168,2,16.4,1.1,206973.0,62071.0,0.2999,449,236,48.5,781,1,1,1,Highway,Karnataka,active,title_dispute
PRJ-00655,High,46,46,86,116,81,87,61,4.04,237,4,56.1,2.6,1448771.0,31004.0,0.0214,416,100,27.4,464,1,0,1,Resettlement,Madhya Pradesh,on_hold,title_dispute
PRJ-00656,High,86,88,167,107,105,91,48,28.9,12,2,24.4,2.3,53470.0,3075.0,0.0575,251,130,11.0,732,1,0,1,Highway,Gujarat,planned,title_dispute
PRJ-00657,High,118,62,117,128,118,113,76,4.97,57,5,48.0,6.6,87800.0,10597.0,0.1207,221,3,12.5,485,0,1,1,Industrial,Andhra Pradesh,planned,boundary
PRJ-00658,Medium,84,63,102,67,63,95,53,1.96,60,2,57.1,1.7,23372.0,13906.0,0.595,296,196,63.5,600,1,0,0,Border Infrastructure,Madhya Pradesh,planned,encroachment
PRJ-00659,High,104,53,112,92,104,125,43,6.08,163,2,12.3,1.3,333957.0,150381.0,0.4503,23,8,58.0,648,1,1,0,Border Infrastructure,Uttar Pradesh,completed,title_dispute
PRJ-00660,Low,36,56,88,44,51,35,57,5.67,5,0,18.9,1.8,2276249.0,2276249.0,1.0,288,14,78.9,731,1,1,1,Industrial,Madhya Pradesh,planned,legal_challenge
PRJ-00661,High,95,47,92,114,64,85,64,3.33,6,1,29.7,2.6,35671.0,2361.0,0.0662,152,88,3.1,640,0,0,1,Railway,Madhya Pradesh,on_hold,encroachment
PRJ-00662,Critical,116,80,105,38,47,85,49,2.81,321,5,34.3,2.7,1291597.0,160029.0,0.1239,496,165,40.8,744,0,1,1,Railway,West Bengal,completed,compensation
PRJ-00663,High,55,67,109,95,89,80,41,4.83,30,4,5.6,2.6,53603.0,12447.0,0.2322,71,9,47.9,480,0,0,1,Railway,Tamil Nadu,active,boundary
PRJ-00664,High,86,54,127,107,88,103,75,5.03,5,2,52.9,0.3,134835.0,23691.0,0.1757,456,95,39.3,746,1,1,1,Resettlement,Madhya Pradesh,active,compensation
PRJ-00665,Medium,70,44,109,63,65,78,86,6.42,136,1,59.7,3.8,78536.0,34768.0,0.4427,66,29,97.8,649,0,1,1,Highway,Andhra Pradesh,planned,boundary
PRJ-00666,High,69,78,121,137,97,103,79,7.29,224,0,50.0,2.2,149294.0,4762.0,0.0319,366,14,23.8,624,0,1,1,Highway,West Bengal,on_hold,compensation
PRJ-00667,Low,95,49,68,74,78,38,36,7.72,2,0,5.7,3.8,69066.0,69066.0,1.0,327,30,100.0,505,1,1,1,Highway,Karnataka,planned,legal_challenge
PRJ-00668,Medium,50,59,107,109,86,123,34,15.43,114,3,49.5,2.9,13654.0,4889.0,0.3581,380,264,72.7,478,1,1,1,Power Line,Tamil Nadu,on_hold,title_dispute
PRJ-00669,Critical,115,82,137,124,112,112,57,6.32,2,2,14.3,2.6,1912819.0,0.0,0.0,432,279,0.0,574,1,0,1,Highway,Tamil Nadu,active,encroachment
PRJ-00670,High,68,42,156,109,54,54,84,4.45,78,1,42.5,6.0,3099.0,632.0,0.2039,390,235,17.8,615,0,0,1,Resettlement,Rajasthan,completed,boundary
PRJ-00671,Critical,114,85,177,139,119,87,83,6.41,251,4,50.3,2.4,155925.0,0.0,0.0,488,11,16.5,474,0,1,0,Border Infrastructure,Uttar Pradesh,completed,encroachment
PRJ-00672,Medium,74,40,90,77,54,107,54,1.9,33,2,10.1,1.4,76153.0,60732.0,0.7975,36,11,65.4,418,0,1,1,Highway,Karnataka,on_hold,boundary
PRJ-00673,Medium,83,86,87,46,81,111,71,1.14,139,3,42.3,2.2,81088.0,62235.0,0.7675,452,110,63.1,780,0,1,1,Highway,Telangana,on_hold,encroachment
PRJ-00674,Medium,68,73,84,68,85,53,51,1.49,132,1,26.3,1.0,147655.0,112897.0,0.7646,459,199,49.2,716,1,1,0,Railway,Rajasthan,active,title_dispute
PRJ-00675,Low,31,49,68,58,63,49,36,3.16,6,0,47.6,3.4,134580.0,124042.0,0.9217,376,216,98.7,464,0,1,1,Industrial,Uttar Pradesh,on_hold,none
PRJ-00676,Medium,100,53,144,77,109,130,50,15.33,110,0,53.7,1.7,95445.0,69952.0,0.7329,16,0,63.5,676,1,1,1,Railway,Andhra Pradesh,on_hold,legal_challenge
PRJ-00677,Low,64,68,161,65,37,93,52,2.58,3,0,29.6,5.2,778847.0,711788.0,0.9139,137,68,65.4,581,1,1,0,Power Line,Rajasthan,completed,legal_challenge
PRJ-00678,High,102,68,106,111,76,125,64,5.52,170,3,45.0,3.1,77042.0,8521.0,0.1106,125,80,44.0,697,1,1,0,Border Infrastructure,Karnataka,on_hold,legal_challenge
PRJ-00679,Medium,82,64,109,106,63,53,56,1.54,102,0,57.4,2.1,10234.0,5567.0,0.544,370,111,64.0,777,0,1,0,Railway,Andhra Pradesh,active,boundary
PRJ-00680,High,78,49,166,94,102,74,67,0.92,149,0,6.3,2.1,599404.0,240.0,0.0004,52,2,58.8,466,0,1,1,Border Infrastructure,West Bengal,planned,compensation
PRJ-00681,High,80,53,105,63,97,102,49,11.51,189,3,14.7,2.7,62009.0,37739.0,0.6086,230,126,48.3,650,0,1,1,Border Infrastructure,Andhra Pradesh,completed,boundary
PRJ-00682,Medium,63,56,95,57,85,71,71,7.28,164,3,59.8,3.4,55574.0,43848.0,0.789,446,188,87.9,755,1,1,1,Industrial,Andhra Pradesh,completed,title_dispute
PRJ-00683,High,110,56,159,78,114,106,61,1.87,125,0,38.7,2.0,1016764.0,261105.0,0.2568,66,19,27.1,548,1,0,1,Railway,Tamil Nadu,on_hold,none
PRJ-00684,Low,85,52,156,82,39,64,54,5.39,2,0,6.6,3.6,659429.0,659429.0,1.0,406,191,94.4,424,0,1,1,Resettlement,West Bengal,on_hold,encroachment
PRJ-00685,Medium,54,55,127,92,60,79,63,2.53,30,3,52.3,1.9,127699.0,66902.0,0.5239,183,9,45.8,422,1,1,0,Industrial,Rajasthan,active,title_dispute
PRJ-00686,Medium,50,51,151,91,69,52,66,32.09,147,0,43.7,1.4,12862.0,8796.0,0.6839,395,43,73.0,725,0,1,1,Border Infrastructure,Telangana,on_hold,encroachment
PRJ-00687,Medium,47,45,120,63,84,50,64,3.74,47,1,8.8,0.3,240036.0,184372.0,0.7681,281,10,70.0,743,0,1,1,Highway,West Bengal,completed,encroachment
PRJ-00688,High,89,45,114,56,49,72,63,0.44,228,2,48.2,0.4,489981.0,37925.0,0.0774,292,150,34.9,729,1,1,1,Industrial,Karnataka,planned,legal_challenge
PRJ-00689,High,108,70,153,80,114,57,39,1.38,126,4,52.1,2.6,460758.0,284841.0,0.6182,464,6,69.2,737,1,1,1,Railway,Telangana,planned,legal_challenge
PRJ-00690,Critical,93,60,141,109,104,143,65,5.12,245,5,47.0,3.2,1119748.0,0.0,0.0,48,30,2.0,710,0,1,1,Resettlement,Maharashtra,active,compensation
PRJ-00691,Medium,56,62,111,87,56,72,84,11.89,2,1,16.8,0.8,80848.0,62512.0,0.7732,167,51,81.5,446,0,1,1,Highway,Madhya Pradesh,on_hold,encroachment
PRJ-00692,Medium,60,84,104,60,94,76,57,3.76,11,0,10.3,3.7,499175.0,394448.0,0.7902,162,123,75.0,747,0,1,1,Resettlement,Tamil Nadu,active,compensation
PRJ-00693,Low,102,37,118,77,70,56,41,1.08,11,0,42.6,3.5,147605.0,147605.0,1.0,168,19,74.3,565,1,1,0,Industrial,West Bengal,planned,title_dispute
PRJ-00694,High,99,76,94,132,64,111,86,6.1,225,2,53.5,2.2,1456488.0,361792.0,0.2484,257,104,31.2,658,0,0,1,Highway,Karnataka,active,compensation
PRJ-00695,Medium,62,52,126,82,89,60,68,2.13,100,0,8.5,4.8,309431.0,60061.0,0.1941,213,107,68.2,409,1,1,1,Resettlement,Maharashtra,completed,legal_challenge
PRJ-00696,High,99,49,131,122,75,113,41,2.88,254,1,38.5,3.4,13838.0,0.0,0.0,160,72,30.9,628,1,1,1,Power Line,Telangana,planned,compensation
PRJ-00697,High,89,41,136,93,100,79,63,3.67,116,4,32.5,0.1,380449.0,171354.0,0.4504,236,7,59.2,637,0,1,1,Resettlement,Tamil Nadu,active,compensation
PRJ-00698,Medium,101,60,143,107,58,85,42,1.81,34,1,34.5,4.8,108819.0,86838.0,0.798,184,124,94.1,508,0,1,1,Highway,Tamil Nadu,planned,encroachment
PRJ-00699,Low,51,81,93,44,57,85,66,6.03,32,0,30.2,0.6,15013.0,14864.0,0.9901,430,48,90.7,684,0,1,1,Industrial,Maharashtra,planned,boundary
PRJ-00700,Medium,56,43,90,107,71,119,44,7.31,94,1,11.7,2.8,486686.0,323354.0,0.6644,144,28,65.3,564,1,1,1,Resettlement,Andhra Pradesh,on_hold,title_dispute
PRJ-00701,High,63,57,138,104,76,77,80,9.28,62,0,59.5,1.1,205558.0,0.0,0.0,316,120,32.1,404,0,1,0,Railway,Madhya Pradesh,on_hold,none
PRJ-00702,High,89,56,115,110,72,74,59,8.51,179,0,20.0,1.7,78845.0,6867.0,0.0871,461,306,43.7,743,1,1,1,Border Infrastructure,Madhya Pradesh,planned,title_dispute
PRJ-00703,Low,47,45,78,43,112,86,53,7.07,63,0,47.1,2.8,26803.0,26803.0,1.0,68,25,76.2,498,0,1,1,Railway,Uttar Pradesh,on_hold,encroachment
PRJ-00704,Low,111,37,100,97,55,66,83,8.65,28,0,28.4,1.7,115515.0,104079.0,0.901,418,240,88.3,519,0,1,1,Power Line,Rajasthan,on_hold,compensation
PRJ-00705,Medium,31,56,83,53,72,42,45,4.6,63,1,13.2,4.3,417103.0,326633.0,0.7831,61,42,69.8,691,0,1,1,Power Line,Madhya Pradesh,active,none
PRJ-00706,Medium,51,65,136,103,98,94,46,2.32,19,1,20.9,2.8,593128.0,281143.0,0.474,137,102,62.2,516,0,1,1,Power Line,Telangana,active,none
PRJ-00707,High,63,67,155,85,91,108,40,6.34,129,0,37.0,2.5,109229.0,46116.0,0.4222,485,165,10.4,744,1,1,1,Power Line,Maharashtra,on_hold,title_dispute
PRJ-00708,Low,39,64,147,94,84,50,41,8.72,32,0,16.5,3.2,52170.0,44438.0,0.8518,258,74,100.0,788,0,1,1,Border Infrastructure,West Bengal,completed,boundary
PRJ-00709,Low,60,39,93,62,49,99,45,0.86,0,0,38.2,1.8,330147.0,311626.0,0.9439,46,32,89.8,412,0,1,0,Railway,Uttar Pradesh,completed,boundary
PRJ-00710,Medium,49,43,120,99,92,126,45,5.39,10,0,22.0,2.8,146238.0,146238.0,1.0,19,7,93.7,412,0,1,1,Industrial,Karnataka,active,compensation
PRJ-00711,Medium,50,62,134,69,80,69,60,5.73,41,0,47.0,1.2,122380.0,111623.0,0.9121,425,113,67.6,521,0,1,0,Industrial,Rajasthan,planned,encroachment
PRJ-00712,Low,57,42,81,92,32,73,64,2.28,3,0,19.6,4.0,730953.0,572848.0,0.7837,198,49,75.9,755,1,1,1,Power Line,Karnataka,completed,legal_challenge
PRJ-00713,Medium,52,42,89,102,46,85,71,10.99,20,0,21.2,3.0,65806.0,43794.0,0.6655,351,15,39.0,426,1,1,1,Highway,Madhya Pradesh,on_hold,legal_challenge
PRJ-00714,High,107,71,103,115,81,110,74,1.38,89,0,33.3,2.8,154060.0,3389.0,0.022,237,72,37.8,619,1,1,0,Border Infrastructure,Uttar Pradesh,planned,legal_challenge
PRJ-00715,Medium,87,46,150,66,91,88,54,2.33,155,1,13.7,4.5,597811.0,407946.0,0.6824,60,4,49.7,704,0,1,0,Power Line,West Bengal,planned,encroachment
PRJ-00716,High,46,75,152,99,101,110,71,2.62,133,2,36.3,1.7,72470.0,31358.0,0.4327,100,19,34.4,422,1,1,1,Industrial,Telangana,on_hold,boundary
PRJ-00717,Medium,77,77,136,99,77,87,47,3.86,144,2,54.2,2.3,105266.0,54180.0,0.5147,154,45,50.0,404,0,1,1,Resettlement,West Bengal,active,compensation
PRJ-00718,High,49,74,159,96,106,80,60,3.73,234,0,13.3,0.5,4100642.0,1373305.0,0.3349,221,60,15.5,502,1,1,1,Highway,Tamil Nadu,active,legal_challenge
PRJ-00719,High,74,71,136,71,75,97,61,6.04,237,4,14.8,2.6,247011.0,1729.0,0.007,312,172,32.7,696,0,1,1,Highway,Gujarat,on_hold,compensation
PRJ-00720,Low,51,42,76,98,102,63,77,5.86,2,0,50.3,5.8,203322.0,168412.0,0.8283,117,86,81.5,727,0,1,0,Border Infrastructure,Rajasthan,on_hold,compensation
PRJ-00721,Medium,61,55,119,69,74,70,38,7.59,76,0,5.1,3.0,27827.0,17601.0,0.6325,427,338,45.3,585,1,0,1,Border Infrastructure,Gujarat,on_hold,title_dispute
PRJ-00722,Medium,78,78,95,106,39,78,43,5.11,142,2,24.4,3.1,416208.0,252389.0,0.6064,27,21,37.1,501,0,0,1,Highway,Andhra Pradesh,active,boundary
PRJ-00723,High,73,81,143,104,62,104,59,3.24,105,1,56.9,0.7,7403.0,1635.0,0.2209,105,1,24.3,534,0,0,0,Power Line,Rajasthan,active,boundary
PRJ-00724,Critical,98,69,114,97,115,113,66,2.8,146,6,33.7,1.1,1049279.0,269560.0,0.2569,127,37,1.9,590,0,1,0,Power Line,Uttar Pradesh,planned,boundary
PRJ-00725,Low,39,78,96,81,71,75,40,9.06,9,0,46.5,1.9,112958.0,82380.0,0.7293,103,43,89.2,755,0,1,0,Border Infrastructure,Telangana,planned,none
PRJ-00726,Medium,84,60,109,56,108,70,40,4.13,22,1,32.2,3.0,198109.0,178239.0,0.8997,131,5,33.9,543,1,1,1,Highway,Gujarat,active,legal_challenge
PRJ-00727,High,90,42,132,127,65,96,82,4.47,174,0,28.6,3.4,116732.0,64308.0,0.5509,90,36,29.4,784,0,1,1,Railway,Andhra Pradesh,completed,compensation
PRJ-00728,High,74,71,145,105,48,71,57,13.01,191,4,20.5,1.1,271419.0,64353.0,0.2371,371,283,27.1,642,0,1,0,Border Infrastructure,Andhra Pradesh,active,boundary
PRJ-00729,Medium,89,57,90,69,76,132,72,2.29,22,1,23.8,3.6,167715.0,77031.0,0.4593,446,83,73.3,511,0,1,0,Power Line,Telangana,planned,compensation
PRJ-00730,High,44,51,148,74,85,61,81,5.06,113,5,23.9,2.8,48811.0,12461.0,0.2553,270,75,20.9,698,1,1,1,Resettlement,West Bengal,planned,compensation
PRJ-00731,Medium,103,64,147,77,42,135,35,2.23,81,3,57.1,4.6,731423.0,473670.0,0.6476,167,36,21.7,412,0,1,0,Border Infrastructure,West Bengal,completed,encroachment
PRJ-00732,High,110,62,149,131,84,93,32,10.74,168,0,7.2,2.3,33614.0,3929.0,0.1169,407,90,55.1,516,1,0,1,Highway,West Bengal,on_hold,legal_challenge
PRJ-00733,Medium,59,57,135,68,71,126,68,21.98,20,1,28.4,1.0,530510.0,427803.0,0.8064,133,32,72.0,793,1,1,1,Resettlement,Karnataka,planned,legal_challenge
PRJ-00734,High,89,57,78,124,70,122,57,4.83,98,0,15.7,2.4,566546.0,161126.0,0.2844,399,95,12.1,577,1,1,1,Industrial,Rajasthan,active,title_dispute
PRJ-00735,High,100,50,131,134,87,119,69,17.18,49,3,51.2,2.5,36271.0,17918.0,0.494,121,21,15.7,783,0,0,0,Railway,Uttar Pradesh,planned,encroachment
PRJ-00736,High,77,52,94,133,118,73,42,3.24,126,2,23.1,0.9,494242.0,197301.0,0.3992,224,138,1.1,757,0,1,0,Border Infrastructure,Andhra Pradesh,completed,boundary
PRJ-00737,High,110,86,106,82,90,63,67,15.72,136,0,37.0,0.3,397798.0,0.0,0.0,260,168,0.0,581,1,0,1,Resettlement,Maharashtra,active,legal_challenge
PRJ-00738,Medium,39,48,126,105,59,103,48,4.95,89,0,38.7,1.8,17861.0,9440.0,0.5285,295,185,37.8,471,1,0,0,Border Infrastructure,Uttar Pradesh,completed,title_dispute
PRJ-00739,Medium,101,56,122,97,51,41,31,1.66,40,0,8.4,1.5,29797.0,18218.0,0.6114,278,85,81.1,643,0,1,1,Railway,West Bengal,completed,encroachment
PRJ-00740,High,71,41,122,72,85,112,65,0.9,60,0,51.3,0.8,548478.0,148528.0,0.2708,428,235,4.5,650,1,0,1,Highway,Rajasthan,active,none
PRJ-00741,Medium,44,36,81,58,66,110,45,2.71,78,0,36.3,5.1,193077.0,137007.0,0.7096,237,10,68.0,665,1,1,1,Resettlement,Uttar Pradesh,active,compensation
PRJ-00742,Low,64,66,101,117,68,105,38,6.3,27,0,14.4,6.5,91060.0,71610.0,0.7864,385,21,100.0,505,0,1,1,Border Infrastructure,Uttar Pradesh,active,none
PRJ-00743,Medium,59,82,130,115,59,56,48,2.8,71,1,19.9,2.1,110742.0,99048.0,0.8944,146,23,82.7,473,1,1,0,Industrial,Madhya Pradesh,on_hold,legal_challenge
PRJ-00744,Critical,71,76,173,141,70,65,51,10.42,206,6,42.1,3.8,26635.0,927.0,0.0348,299,9,37.2,446,1,0,0,Industrial,Telangana,on_hold,legal_challenge
PRJ-00745,High,71,55,103,78,51,85,38,7.17,54,3,22.9,1.3,1914385.0,550577.0,0.2876,132,18,24.4,716,0,1,1,Resettlement,Madhya Pradesh,on_hold,encroachment
PRJ-00746,High,61,68,144,86,85,113,62,6.23,15,2,8.6,3.1,16394.0,4146.0,0.2529,458,318,44.6,540,0,1,0,Power Line,Tamil Nadu,planned,encroachment
PRJ-00747,Medium,61,48,117,56,73,32,51,2.25,116,0,10.1,4.4,17954.0,16105.0,0.897,193,11,78.9,453,0,1,1,Power Line,Karnataka,active,encroachment
PRJ-00748,Low,60,74,149,68,46,63,37,4.49,0,0,10.7,4.8,150357.0,109716.0,0.7297,332,184,100.0,783,1,1,1,Resettlement,Tamil Nadu,active,legal_challenge
PRJ-00749,Medium,74,55,125,46,70,71,51,4.87,1,1,52.5,0.3,311344.0,86772.0,0.2787,63,35,42.1,469,0,1,1,Power Line,West Bengal,completed,compensation
PRJ-00750,Critical,110,42,124,126,95,107,72,3.5,67,6,32.6,0.7,90112.0,0.0,0.0,425,94,15.7,482,1,0,1,Highway,Karnataka,active,title_dispute
PRJ-00751,Medium,54,50,99,70,57,87,43,5.95,80,1,31.2,4.1,4488842.0,4325897.0,0.9637,91,5,80.4,790,1,1,1,Railway,Maharashtra,planned,compensation
PRJ-00752,Medium,49,47,137,87,73,78,64,6.5,120,0,14.6,1.8,55420.0,13855.0,0.25,433,219,88.8,667,1,1,0,Industrial,Tamil Nadu,planned,title_dispute
PRJ-00753,Low,34,31,167,81,50,64,39,12.4,0,0,53.6,1.3,144897.0,144897.0,1.0,400,120,100.0,503,0,1,1,Border Infrastructure,Karnataka,on_hold,encroachment
PRJ-00754,Critical,116,57,169,129,113,136,65,2.48,170,2,23.1,4.1,270459.0,27884.0,0.1031,353,188,0.0,512,0,0,1,Highway,Karnataka,completed,none
PRJ-00755,Medium,63,68,145,81,65,103,76,2.38,22,2,53.9,2.6,247076.0,166974.0,0.6758,170,76,78.7,497,0,1,1,Power Line,Tamil Nadu,active,none
PRJ-00756,Low,92,38,93,103,34,43,84,3.04,17,0,46.4,0.8,6776900.0,5609918.0,0.8278,12,3,66.5,561,1,1,1,Highway,Uttar Pradesh,active,compensation
PRJ-00757,Medium,58,66,107,84,78,45,44,2.59,13,0,52.6,5.1,123953.0,95295.0,0.7688,458,80,42.6,554,1,1,1,Highway,Gujarat,on_hold,title_dispute
PRJ-00758,Critical,72,68,168,78,75,108,79,7.56,294,4,10.2,3.3,493798.0,158904.0,0.3218,328,182,7.8,747,0,1,1,Highway,Madhya Pradesh,active,boundary
PRJ-00759,High,75,70,133,136,97,119,41,1.23,268,3,56.0,6.7,15470.0,7098.0,0.4588,440,234,26.5,434,1,1,1,Resettlement,Tamil Nadu,active,title_dispute
PRJ-00760,Medium,94,52,123,54,101,84,56,3.32,60,4,18.8,0.4,313791.0,220501.0,0.7027,305,171,47.6,406,0,1,0,Railway,Telangana,completed,encroachment
PRJ-00761,High,46,77,104,108,84,100,76,3.57,18,1,34.6,1.2,67149.0,33433.0,0.4979,196,78,27.4,503,1,0,1,Industrial,Rajasthan,completed,compensation
PRJ-00762,Medium,44,54,75,68,71,82,50,1.39,91,0,30.1,2.1,181425.0,132640.0,0.7311,271,171,83.4,612,0,1,1,Border Infrastructure,Telangana,on_hold,compensation
PRJ-00763,High,78,70,109,91,109,103,47,3.51,183,1,47.2,2.8,51924.0,125.0,0.0024,415,228,29.4,768,0,1,1,Resettlement,West Bengal,active,compensation
PRJ-00764,High,83,53,81,131,60,72,62,3.29,20,4,13.1,3.8,485004.0,273833.0,0.5646,40,30,39.2,426,0,0,1,Resettlement,Andhra Pradesh,active,encroachment
PRJ-00765,High,69,46,124,111,52,90,36,4.41,61,1,21.4,2.8,4613324.0,1343400.0,0.2912,264,16,40.7,771,0,0,1,Industrial,Gujarat,planned,compensation
PRJ-00766,Medium,95,87,87,52,48,90,60,6.46,65,0,29.7,3.5,3123779.0,2728933.0,0.8736,144,99,100.0,646,1,1,1,Industrial,Uttar Pradesh,active,boundary
PRJ-00767,Medium,82,63,135,99,76,102,58,23.3,111,1,58.5,6.3,82548.0,28603.0,0.3465,424,323,61.6,646,1,1,0,Border Infrastructure,Tamil Nadu,completed,encroachment
PRJ-00768,High,89,72,130,127,81,84,79,3.96,95,4,6.4,5.6,673647.0,0.0,0.0,242,59,20.1,545,1,1,0,Railway,Rajasthan,active,legal_challenge
PRJ-00769,Medium,104,73,145,88,89,64,61,4.32,37,1,7.2,4.3,32160.0,16424.0,0.5107,7,0,56.3,656,1,1,1,Resettlement,Karnataka,active,title_dispute
PRJ-00770,Critical,71,50,173,128,105,112,70,5.04,179,5,18.6,1.5,1198400.0,0.0,0.0,255,62,10.2,701,1,1,0,Border Infrastructure,West Bengal,completed,encroachment
PRJ-00771,High,64,54,138,123,74,60,65,2.35,99,3,17.1,4.3,350233.0,0.0,0.0,265,150,6.8,725,0,1,0,Border Infrastructure,Karnataka,active,compensation
PRJ-00772,Medium,106,70,134,65,100,114,46,3.28,88,0,9.4,4.4,243532.0,85090.0,0.3494,362,192,62.6,475,0,1,0,Power Line,Uttar Pradesh,active,compensation
PRJ-00773,Low,38,42,82,51,44,76,43,3.11,5,0,30.6,4.1,156000.0,136235.0,0.8733,208,117,100.0,441,0,1,1,Industrial,Rajasthan,active,none
PRJ-00774,Critical,56,75,162,81,96,136,81,5.55,326,5,56.6,1.9,267211.0,0.0,0.0,305,75,0.0,610,1,1,1,Resettlement,Uttar Pradesh,on_hold,legal_challenge
PRJ-00775,Medium,53,44,124,48,80,93,45,7.89,28,1,46.9,0.6,209017.0,151537.0,0.725,362,89,81.0,486,0,0,1,Highway,Karnataka,on_hold,compensation
PRJ-00776,Medium,89,43,108,70,61,57,69,5.84,61,2,19.0,0.5,126941.0,60246.0,0.4746,92,12,47.9,495,1,1,1,Power Line,Karnataka,completed,legal_challenge
PRJ-00777,Medium,110,58,130,74,77,54,38,0.67,61,1,12.5,1.4,190940.0,147291.0,0.7714,107,5,39.4,493,0,0,0,Railway,Tamil Nadu,planned,encroachment
PRJ-00778,Low,43,51,86,49,57,47,59,17.92,24,0,13.1,0.2,173520.0,168523.0,0.9712,198,19,77.4,432,1,1,0,Border Infrastructure,Uttar Pradesh,planned,title_dispute
PRJ-00779,Low,36,69,99,60,47,52,41,5.9,0,0,41.8,2.9,19580.0,15672.0,0.8004,54,9,100.0,403,0,1,0,Border Infrastructure,Madhya Pradesh,planned,none
PRJ-00780,High,86,77,119,54,80,84,68,4.41,103,3,30.6,3.9,83530.0,43661.0,0.5227,354,252,24.2,561,0,1,0,Border Infrastructure,Rajasthan,completed,boundary
PRJ-00781,High,103,81,120,138,92,123,73,3.37,44,0,49.7,1.8,1057659.0,48335.0,0.0457,238,165,20.7,605,0,1,1,Railway,Uttar Pradesh,planned,boundary
PRJ-00782,High,102,49,139,129,83,119,76,5.64,95,3,29.6,2.7,30134.0,9450.0,0.3136,236,116,42.5,737,1,1,1,Highway,Telangana,on_hold,title_dispute
PRJ-00783,Critical,83,86,91,147,100,81,79,3.25,161,0,52.4,5.5,109231.0,6030.0,0.0552,329,94,0.0,423,0,1,0,Border Infrastructure,Andhra Pradesh,active,none
PRJ-00784,High,51,63,135,130,117,119,84,3.11,30,3,27.1,4.5,44795.0,18518.0,0.4134,224,168,39.9,643,0,1,0,Railway,Gujarat,completed,encroachment
PRJ-00785,Medium,104,75,125,73,45,75,63,5.11,38,1,15.7,3.2,124289.0,84666.0,0.6812,21,2,70.9,444,1,1,1,Resettlement,Uttar Pradesh,active,title_dispute
PRJ-00786,Critical,116,66,71,92,60,67,46,1.64,234,7,24.9,2.5,130557.0,43867.0,0.336,128,24,0.0,487,0,1,1,Border Infrastructure,Andhra Pradesh,active,encroachment
PRJ-00787,Critical,53,47,153,110,107,140,66,4.55,155,5,59.0,6.4,275881.0,0.0,0.0,397,89,0.0,768,1,1,0,Power Line,Uttar Pradesh,planned,compensation
PRJ-00788,High,107,36,166,66,96,80,58,6.26,159,0,24.1,0.9,43377.0,13312.0,0.3069,412,228,43.4,514,1,1,0,Power Line,Karnataka,active,legal_challenge
PRJ-00789,Critical,95,80,121,103,92,72,39,6.06,177,7,9.0,1.6,115729.0,0.0,0.0,499,341,32.4,519,1,0,1,Highway,Telangana,on_hold,encroachment
PRJ-00790,High,93,69,108,126,84,124,62,4.54,71,0,31.1,2.5,64835.0,0.0,0.0,298,87,28.7,560,0,1,1,Highway,Karnataka,planned,boundary
PRJ-00791,High,68,79,93,100,80,60,55,1.57,106,3,49.0,3.7,71462.0,21017.0,0.2941,168,103,60.9,747,1,1,1,Resettlement,Maharashtra,planned,legal_challenge
PRJ-00792,Medium,37,58,160,77,66,133,64,6.62,108,2,58.6,4.8,415042.0,166432.0,0.401,166,19,44.2,551,0,1,1,Railway,Tamil Nadu,active,none
PRJ-00793,High,95,56,133,78,97,62,75,1.68,238,0,34.8,4.6,21603.0,2195.0,0.1016,311,79,55.5,657,1,1,1,Resettlement,Telangana,active,title_dispute
PRJ-00794,High,95,62,149,123,98,66,74,1.33,209,3,30.7,0.7,29298.0,8860.0,0.3024,365,282,44.2,430,1,1,1,Resettlement,Karnataka,completed,title_dispute
PRJ-00795,High,81,78,145,109,92,122,77,2.49,107,0,13.6,2.2,729457.0,144287.0,0.1978,477,330,14.2,491,1,1,0,Industrial,West Bengal,active,title_dispute
PRJ-00796,Medium,99,64,149,41,51,57,68,4.46,94,3,31.0,1.6,199972.0,130522.0,0.6527,352,133,53.4,578,0,1,0,Power Line,Rajasthan,active,none
PRJ-00797,High,111,81,122,115,53,86,47,8.22,172,0,24.1,3.6,5028.0,1635.0,0.3251,72,18,0.0,697,1,1,1,Resettlement,Rajasthan,active,title_dispute
PRJ-00798,High,77,42,127,119,52,55,49,8.38,193,1,36.1,3.7,297607.0,132941.0,0.4467,231,128,51.2,549,0,0,0,Power Line,Maharashtra,on_hold,encroachment
PRJ-00799,High,81,78,162,45,47,137,56,3.57,213,0,11.6,4.7,61182.0,27293.0,0.4461,352,221,0.0,475,0,1,0,Power Line,Gujarat,planned,boundary
PRJ-00800,High,94,73,145,41,33,67,48,2.11,88,0,54.2,3.6,11457.0,670.0,0.0585,65,50,4.5,732,0,1,1,Highway,Tamil Nadu,planned,boundary
PRJ-00801,Low,85,45,122,37,33,91,45,4.25,4,0,50.5,4.7,345696.0,345696.0,1.0,255,61,92.7,705,0,1,1,Power Line,Tamil Nadu,completed,compensation
PRJ-00802,High,79,74,142,73,107,53,78,4.49,143,3,28.2,0.7,74122.0,26543.0,0.3581,10,0,16.3,442,1,1,0,Border Infrastructure,Karnataka,completed,boundary
PRJ-00803,High,97,67,158,109,92,111,63,3.12,33,1,52.3,2.3,52304.0,23427.0,0.4479,201,77,42.3,730,0,1,1,Highway,Gujarat,completed,boundary
PRJ-00804,High,99,33,131,115,59,111,44,4.13,196,1,40.9,1.1,70430.0,12783.0,0.1815,212,137,8.1,410,0,1,1,Highway,Tamil Nadu,on_hold,none
PRJ-00805,High,96,66,156,123,59,54,81,4.68,230,0,37.0,2.5,662325.0,1391.0,0.0021,390,234,9.2,737,1,1,1,Border Infrastructure,Andhra Pradesh,planned,legal_challenge
PRJ-00806,Medium,54,46,90,73,67,134,64,0.93,88,0,15.1,3.2,101724.0,42734.0,0.4201,25,2,28.4,505,0,0,1,Power Line,Telangana,active,none
PRJ-00807,Medium,55,49,80,73,110,67,72,7.35,83,0,52.1,4.0,157756.0,122655.0,0.7775,221,172,80.5,736,1,0,1,Highway,Maharashtra,planned,legal_challenge
PRJ-00808,High,89,61,157,115,95,103,54,1.18,37,3,13.2,3.3,304935.0,55163.0,0.1809,360,90,32.0,580,1,1,1,Highway,Rajasthan,on_hold,title_dispute
PRJ-00809,High,37,79,92,116,87,108,83,2.58,99,0,48.4,1.6,320370.0,146441.0,0.4571,101,11,21.8,510,1,1,0,Industrial,Andhra Pradesh,planned,title_dispute
PRJ-00810,Low,67,40,110,81,76,81,80,22.09,40,0,10.5,2.6,714508.0,499584.0,0.6992,43,18,88.6,533,0,1,1,Railway,Gujarat,on_hold,boundary
PRJ-00811,Medium,114,72,66,108,96,60,60,21.66,14,0,23.7,2.5,114131.0,72450.0,0.6348,327,191,60.5,724,1,1,1,Resettlement,Karnataka,completed,title_dispute
PRJ-00812,High,102,64,131,135,102,70,63,4.2,171,1,25.4,2.8,74069.0,34346.0,0.4637,219,143,30.1,561,1,1,1,Power Line,Gujarat,on_hold,legal_challenge
PRJ-00813,Medium,70,44,145,141,43,111,49,8.91,73,0,58.5,3.0,171598.0,119775.0,0.698,355,155,62.2,433,0,0,0,Railway,Maharashtra,active,none
PRJ-00814,Low,32,65,73,52,87,89,37,5.2,1,0,26.5,4.4,56278.0,56278.0,1.0,198,150,100.0,800,0,1,0,Industrial,Rajasthan,active,boundary
PRJ-00815,High,44,61,75,89,99,82,79,7.24,189,2,46.6,3.5,20593.0,0.0,0.0,287,62,38.3,450,0,0,0,Railway,Rajasthan,completed,none
PRJ-00816,High,109,62,148,133,102,75,64,1.85,184,5,24.8,0.4,2919.0,929.0,0.3183,309,218,21.5,606,1,1,1,Industrial,Uttar Pradesh,on_hold,title_dispute
PRJ-00817,Low,80,38,110,52,89,57,44,1.68,24,0,20.7,2.9,6254.0,6254.0,1.0,32,23,99.8,727,1,1,0,Power Line,Maharashtra,active,title_dispute
PRJ-00818,Medium,63,44,136,115,60,81,58,23.53,102,2,7.3,3.3,55402.0,17158.0,0.3097,413,154,51.8,546,1,1,1,Power Line,Gujarat,completed,title_dispute
PRJ-00819,Medium,111,74,135,79,54,127,58,3.21,65,0,23.4,5.5,180648.0,85790.0,0.4749,329,20,59.0,773,0,0,1,Resettlement,Gujarat,planned,boundary
PRJ-00820,Medium,64,51,132,68,109,57,57,5.42,72,0,59.7,2.7,11419561.0,7069850.0,0.6191,497,377,61.5,746,1,1,1,Highway,Telangana,planned,title_dispute
PRJ-00821,High,52,55,147,124,96,108,65,2.36,237,5,51.3,4.5,2723466.0,493492.0,0.1812,362,36,10.6,407,1,1,0,Border Infrastructure,Tamil Nadu,completed,legal_challenge
PRJ-00822,High,91,60,152,81,69,122,59,0.85,94,1,20.2,3.6,384059.0,85261.0,0.222,383,202,52.5,670,1,1,1,Power Line,Maharashtra,completed,title_dispute
PRJ-00823,Low,46,45,116,80,60,94,61,12.46,5,0,23.4,2.4,302617.0,293417.0,0.9696,185,140,70.2,616,0,1,0,Industrial,Madhya Pradesh,active,compensation
PRJ-00824,High,80,76,136,131,98,121,55,2.68,51,3,34.5,5.8,196558.0,0.0,0.0,158,61,39.0,535,1,0,0,Power Line,West Bengal,active,legal_challenge
PRJ-00825,Critical,91,84,98,132,65,52,54,2.98,305,7,53.0,4.5,107584.0,33792.0,0.3141,427,305,0.0,637,0,1,1,Border Infrastructure,Telangana,active,boundary
PRJ-00826,Medium,103,50,138,58,86,91,44,2.47,16,0,26.1,2.0,105743.0,74464.0,0.7042,184,131,83.2,495,0,0,1,Railway,Maharashtra,completed,boundary
PRJ-00827,Low,63,49,83,39,55,39,52,5.85,30,0,12.4,6.4,257527.0,216194.0,0.8395,84,51,91.4,528,0,1,1,Highway,Gujarat,active,encroachment
PRJ-00828,High,77,79,158,135,53,65,66,10.9,73,0,34.8,4.2,38401.0,16413.0,0.4274,229,120,24.3,624,0,1,1,Resettlement,Rajasthan,completed,compensation
PRJ-00829,Low,66,38,170,56,47,76,53,0.72,19,0,29.2,1.7,177853.0,128410.0,0.722,25,2,90.9,615,1,1,1,Highway,Uttar Pradesh,on_hold,title_dispute
PRJ-00830,Critical,82,69,176,82,52,138,84,3.94,130,0,31.0,4.5,159046.0,0.0,0.0,220,86,0.0,653,0,1,1,Industrial,Maharashtra,active,encroachment
PRJ-00831,Low,79,61,103,41,96,66,44,24.12,6,0,39.6,0.9,93005.0,59570.0,0.6405,69,8,62.6,656,1,1,1,Railway,Uttar Pradesh,completed,compensation
PRJ-00832,Medium,93,65,165,71,73,88,50,6.6,69,3,37.5,1.3,7185.0,4136.0,0.5756,47,28,41.0,526,0,1,1,Border Infrastructure,West Bengal,planned,encroachment
PRJ-00833,Medium,46,53,122,86,85,72,53,1.33,54,0,49.6,5.9,59783.0,51383.0,0.8595,247,139,57.9,452,1,1,1,Highway,Rajasthan,on_hold,title_dispute
PRJ-00834,Critical,83,58,151,136,109,102,89,2.61,299,1,37.7,4.8,130834.0,0.0,0.0,122,11,0.9,605,1,1,0,Railway,Andhra Pradesh,active,compensation
PRJ-00835,Critical,99,72,162,89,93,69,76,11.13,167,5,45.3,3.0,22804.0,1528.0,0.067,273,66,0.0,724,0,0,1,Highway,Uttar Pradesh,active,none
PRJ-00836,Medium,85,68,123,41,102,99,37,1.56,11,1,50.0,4.8,129121.0,98778.0,0.765,61,13,60.8,543,1,1,0,Border Infrastructure,Uttar Pradesh,planned,legal_challenge
PRJ-00837,Low,55,34,126,37,34,70,36,6.87,1,0,5.4,1.3,438824.0,341449.0,0.7781,113,25,92.8,543,0,1,1,Resettlement,Gujarat,planned,compensation
PRJ-00838,Medium,68,36,78,65,70,100,59,13.25,19,0,26.6,3.4,2134088.0,1460570.0,0.6844,347,3,81.7,682,0,0,1,Resettlement,Tamil Nadu,completed,boundary
PRJ-00839,High,70,82,131,67,82,67,67,52.14,210,3,35.9,2.0,87745.0,37809.0,0.4309,126,65,20.8,507,1,1,1,Power Line,West Bengal,on_hold,title_dispute
PRJ-00840,High,60,46,113,64,117,50,60,16.23,196,1,29.9,5.9,666166.0,45832.0,0.0688,103,58,50.3,450,1,1,1,Industrial,Karnataka,planned,none
PRJ-00841,Low,85,54,92,71,79,110,36,5.84,27,1,26.2,1.3,17991.0,15564.0,0.8651,369,74,100.0,788,0,1,0,Industrial,Madhya Pradesh,active,none
PRJ-00842,Low,42,58,121,50,49,138,44,26.15,14,0,46.8,5.0,17630.0,17630.0,1.0,481,366,100.0,411,0,1,0,Border Infrastructure,West Bengal,planned,encroachment
PRJ-00843,Low,72,41,71,89,49,73,62,2.86,38,1,35.9,2.3,847313.0,670225.0,0.791,355,151,81.6,662,1,1,1,Highway,Rajasthan,planned,title_dispute
PRJ-00844,High,96,53,147,85,102,60,76,11.69,159,3,10.5,1.6,1367236.0,0.0,0.0,110,16,24.9,481,1,1,0,Border Infrastructure,Tamil Nadu,completed,legal_challenge
PRJ-00845,High,98,61,129,126,78,103,37,8.07,189,2,13.7,3.7,7790.0,1087.0,0.1396,160,109,45.7,551,1,1,0,Railway,Maharashtra,completed,legal_challenge
PRJ-00846,Medium,82,38,145,73,80,51,59,4.44,4,0,18.0,2.2,94537.0,67566.0,0.7147,487,344,61.1,468,1,1,0,Industrial,Tamil Nadu,planned,legal_challenge
PRJ-00847,High,107,80,105,105,42,131,64,5.83,209,3,7.4,1.9,5073.0,1175.0,0.2316,171,11,30.2,761,0,1,1,Industrial,Gujarat,planned,none
PRJ-00848,Medium,52,73,94,103,71,75,67,3.03,3,3,30.1,7.1,2863034.0,1452417.0,0.5073,117,68,36.9,543,1,1,1,Resettlement,Telangana,on_hold,none
PRJ-00849,High,48,52,137,127,104,57,63,3.11,145,2,37.1,3.9,349584.0,157208.0,0.4497,450,225,46.3,709,1,1,0,Power Line,Andhra Pradesh,planned,title_dispute
PRJ-00850,High,42,62,131,70,65,103,61,21.36,117,1,52.2,2.1,40612.0,11782.0,0.2901,233,43,66.7,771,0,0,1,Resettlement,Gujarat,on_hold,compensation
PRJ-00851,Medium,83,88,132,106,103,57,66,4.55,41,1,42.4,1.6,409318.0,325572.0,0.7954,296,116,15.8,773,0,1,1,Highway,Madhya Pradesh,completed,compensation
PRJ-00852,High,80,64,114,69,46,74,67,2.88,65,0,11.0,3.1,139616.0,10066.0,0.0721,78,4,16.4,525,0,1,1,Industrial,Rajasthan,active,encroachment
PRJ-00853,Low,61,35,73,46,79,70,31,2.38,19,0,33.1,4.9,173134.0,122423.0,0.7071,61,40,77.8,790,1,1,0,Industrial,Andhra Pradesh,planned,legal_challenge
PRJ-00854,Low,47,46,132,117,45,74,56,0.53,45,0,15.6,2.8,84637.0,73871.0,0.8728,410,316,99.1,454,0,1,0,Industrial,Tamil Nadu,planned,boundary
PRJ-00855,High,103,42,135,106,103,62,55,10.19,172,1,56.6,1.6,80229.0,26524.0,0.3306,162,42,6.3,479,0,1,1,Industrial,Karnataka,active,encroachment
PRJ-00856,Low,95,48,72,66,52,76,47,1.28,15,0,57.5,5.7,74735.0,57389.0,0.7679,266,188,100.0,612,0,1,1,Highway,Andhra Pradesh,planned,none
PRJ-00857,Medium,36,51,80,95,70,119,64,6.67,49,0,40.3,1.7,1000656.0,572275.0,0.5719,120,88,99.5,750,0,1,0,Industrial,Maharashtra,completed,encroachment
PRJ-00858,Low,48,57,87,46,31,83,47,2.62,32,1,31.7,6.3,1239269.0,936763.0,0.7559,44,21,89.7,460,0,1,1,Border Infrastructure,Karnataka,active,none
PRJ-00859,Medium,73,66,129,120,83,145,53,6.77,73,0,43.0,3.7,203618.0,60515.0,0.2972,352,119,81.1,741,0,1,1,Railway,Maharashtra,active,compensation
PRJ-00860,Medium,112,55,94,75,77,50,59,2.27,49,0,5.7,2.7,49945.0,38548.0,0.7718,408,0,75.2,476,1,1,1,Resettlement,Karnataka,completed,title_dispute
PRJ-00861,Medium,43,75,98,90,80,62,83,2.56,108,0,56.5,2.4,2794003.0,1094970.0,0.3919,62,28,54.5,772,0,0,1,Resettlement,Tamil Nadu,active,encroachment
PRJ-00862,Medium,79,51,95,33,80,109,51,1.37,69,2,39.2,1.6,125205.0,118907.0,0.9497,360,280,59.0,708,0,1,0,Industrial,Tamil Nadu,completed,boundary
PRJ-00863,High,79,78,113,77,98,48,45,4.09,135,3,27.1,1.6,771873.0,405311.0,0.5251,277,118,45.4,517,1,1,0,Border Infrastructure,Gujarat,completed,legal_challenge
PRJ-00864,Low,85,59,132,47,91,55,32,1.72,16,0,18.8,4.3,584455.0,517593.0,0.8856,109,86,100.0,408,1,1,1,Railway,Uttar Pradesh,active,title_dispute
PRJ-00865,Medium,62,68,114,96,75,58,71,8.8,25,1,20.7,0.9,46543.0,26464.0,0.5686,240,27,74.4,682,0,1,1,Highway,Tamil Nadu,planned,boundary
PRJ-00866,High,94,74,100,95,84,91,59,1.95,44,1,44.0,2.1,948689.0,161277.0,0.17,198,116,35.9,756,0,1,0,Industrial,Gujarat,active,none
PRJ-00867,High,95,86,146,125,86,57,79,4.67,13,1,37.8,1.2,7203.0,0.0,0.0,192,21,0.0,525,1,0,1,Highway,Telangana,completed,legal_challenge
PRJ-00868,Medium,76,50,170,88,57,86,74,1.64,33,3,50.0,2.2,72712.0,42347.0,0.5824,362,274,65.0,640,0,1,0,Border Infrastructure,Telangana,active,compensation
PRJ-00869,Low,75,66,66,94,65,37,49,5.26,19,0,35.1,1.8,26738.0,26738.0,1.0,314,188,100.0,657,0,1,1,Resettlement,Maharashtra,planned,compensation
PRJ-00870,High,94,76,155,58,74,113,65,5.38,93,5,27.4,1.1,1086746.0,324937.0,0.299,161,91,30.8,616,1,1,1,Power Line,Uttar Pradesh,completed,legal_challenge
PRJ-00871,High,76,82,144,126,97,93,65,2.8,152,0,47.8,1.6,2265458.0,511087.0,0.2256,117,36,17.4,781,0,1,1,Railway,Karnataka,completed,compensation
PRJ-00872,High,79,67,67,142,73,122,65,5.64,124,1,44.0,2.9,170469.0,76489.0,0.4487,32,20,31.8,731,1,1,1,Border Infrastructure,Madhya Pradesh,on_hold,title_dispute
PRJ-00873,High,72,72,137,111,81,88,41,8.91,133,0,41.9,4.0,1304651.0,578743.0,0.4436,127,28,13.8,677,1,0,1,Highway,Karnataka,on_hold,legal_challenge
PRJ-00874,Low,96,72,149,117,64,54,65,2.57,19,0,17.8,2.1,81778.0,69593.0,0.851,128,27,96.6,691,0,1,0,Railway,Gujarat,planned,boundary
PRJ-00875,High,111,55,107,118,89,124,81,1.58,3,4,35.3,2.8,59550.0,16781.0,0.2818,389,87,29.7,603,0,0,1,Highway,Maharashtra,on_hold,none
PRJ-00876,High,93,70,94,84,57,124,73,2.8,34,3,58.2,1.5,553951.0,240249.0,0.4337,213,152,45.4,657,1,1,1,Power Line,Uttar Pradesh,on_hold,compensation
PRJ-00877,High,99,71,143,125,73,96,82,6.45,16,3,43.6,1.1,107923.0,51307.0,0.4754,87,10,27.9,637,1,0,0,Border Infrastructure,Telangana,completed,legal_challenge
PRJ-00878,Low,90,71,75,66,59,133,58,1.25,41,1,27.4,3.1,111334.0,111334.0,1.0,378,184,97.6,667,1,1,1,Industrial,Gujarat,active,title_dispute
PRJ-00879,High,68,53,161,117,96,71,47,3.94,137,0,6.4,4.7,65013.0,5630.0,0.0866,461,262,15.5,749,0,0,1,Resettlement,Tamil Nadu,on_hold,boundary
PRJ-00880,Medium,52,61,115,106,94,96,38,2.15,143,0,39.0,3.4,67869.0,42106.0,0.6204,417,4,55.3,792,0,1,0,Railway,Telangana,planned,compensation
PRJ-00881,Medium,58,68,66,34,83,101,67,5.12,47,0,56.2,2.6,266610.0,266610.0,1.0,39,8,65.1,586,0,0,0,Border Infrastructure,Karnataka,planned,encroachment
PRJ-00882,High,86,78,148,112,85,87,48,3.12,172,1,27.5,1.0,48886.0,12500.0,0.2557,486,48,13.3,691,0,1,1,Resettlement,Madhya Pradesh,completed,boundary
PRJ-00883,Critical,104,66,90,130,53,140,42,12.58,60,6,31.4,0.9,194583.0,0.0,0.0,192,78,0.0,719,1,1,1,Border Infrastructure,Rajasthan,completed,legal_challenge
PRJ-00884,Critical,103,62,133,101,101,137,75,2.46,306,0,30.9,2.5,150814.0,2096.0,0.0139,322,251,4.3,429,0,0,0,Railway,Uttar Pradesh,completed,boundary
PRJ-00885,Medium,64,75,141,95,58,55,34,9.41,109,2,10.9,5.7,327220.0,130626.0,0.3992,442,25,76.5,598,0,1,1,Industrial,Maharashtra,planned,boundary
PRJ-00886,Low,45,44,70,49,92,133,55,24.98,4,0,55.4,2.1,30235.0,30235.0,1.0,398,137,100.0,605,0,1,0,Power Line,Madhya Pradesh,completed,none
PRJ-00887,Medium,62,45,96,67,104,104,52,1.72,5,2,16.0,1.8,158685.0,80913.0,0.5099,84,63,79.8,474,0,1,1,Industrial,Madhya Pradesh,completed,none
PRJ-00888,High,83,65,95,70,102,131,55,1.18,191,2,11.2,3.4,939711.0,383120.0,0.4077,32,5,25.7,411,0,1,1,Border Infrastructure,Telangana,planned,boundary
PRJ-00889,Medium,69,39,92,64,69,61,38,6.12,11,1,45.2,4.0,624056.0,471349.0,0.7553,452,257,83.2,614,0,1,1,Highway,Tamil Nadu,active,none
PRJ-00890,Critical,110,73,170,94,81,54,73,4.46,195,4,44.7,1.6,38943.0,7609.0,0.1954,498,300,7.7,484,1,1,1,Industrial,Rajasthan,planned,none
PRJ-00891,Medium,62,72,113,42,71,53,84,5.62,154,2,37.3,5.3,23678.0,7809.0,0.3298,426,3,57.7,800,1,1,1,Power Line,Andhra Pradesh,active,title_dispute
PRJ-00892,High,83,63,158,70,37,56,53,3.57,107,0,6.8,0.4,425040.0,57083.0,0.1343,82,58,36.2,475,0,1,0,Railway,Telangana,active,boundary
PRJ-00893,Critical,114,41,142,137,97,91,66,0.78,60,6,42.4,2.8,61717.0,0.0,0.0,332,257,0.3,449,1,1,1,Resettlement,Uttar Pradesh,planned,encroachment
PRJ-00894,Medium,57,77,133,106,47,111,53,3.18,67,1,19.5,4.2,109920.0,67513.0,0.6142,492,75,56.2,747,1,1,1,Border Infrastructure,Gujarat,active,legal_challenge
PRJ-00895,High,68,38,108,121,40,84,37,8.89,31,3,25.4,2.4,414797.0,75535.0,0.1821,337,269,43.4,611,0,1,1,Highway,West Bengal,on_hold,boundary
PRJ-00896,Critical,94,58,155,110,106,142,49,2.69,216,5,23.4,1.7,13114591.0,0.0,0.0,196,27,8.7,704,1,1,1,Border Infrastructure,Andhra Pradesh,on_hold,none
PRJ-00897,High,94,65,108,107,72,99,62,2.59,31,0,26.0,3.2,2838205.0,1139539.0,0.4015,417,279,36.4,445,1,1,0,Power Line,Uttar Pradesh,on_hold,title_dispute
PRJ-00898,High,101,51,101,114,103,130,71,11.29,208,0,33.9,5.4,307544.0,70366.0,0.2288,329,116,35.1,697,1,1,1,Highway,Uttar Pradesh,completed,title_dispute
PRJ-00899,High,36,70,149,121,106,37,30,4.9,219,4,31.0,4.1,79988.0,15846.0,0.1981,63,9,6.4,640,0,1,0,Border Infrastructure,Rajasthan,active,compensation
PRJ-00900,Critical,117,56,145,146,107,147,87,1.24,107,7,31.9,1.5,2811070.0,197899.0,0.0704,150,32,0.0,737,1,1,0,Border Infrastructure,Madhya Pradesh,completed,none
PRJ-00901,High,109,68,112,135,85,128,72,8.84,190,0,26.0,2.1,94839.0,27181.0,0.2866,12,0,19.7,591,0,1,0,Power Line,Uttar Pradesh,active,none
PRJ-00902,Critical,64,75,164,134,95,124,82,5.32,122,7,51.3,1.0,149699.0,0.0,0.0,205,31,0.0,729,1,0,1,Resettlement,West Bengal,active,legal_challenge
PRJ-00903,Critical,102,45,112,65,51,90,73,4.25,186,1,58.1,2.5,188641.0,0.0,0.0,211,152,0.0,664,1,0,0,Railway,Maharashtra,completed,compensation
PRJ-00904,High,114,70,148,98,98,103,80,2.35,115,2,20.5,4.2,161474.0,81415.0,0.5042,433,191,33.2,565,1,0,1,Railway,Tamil Nadu,planned,title_dispute
PRJ-00905,High,98,67,79,99,39,115,57,0.68,171,0,31.0,3.2,23826.0,4315.0,0.1811,297,90,47.7,780,0,1,1,Highway,Uttar Pradesh,active,none
PRJ-00906,Critical,100,57,129,110,91,137,65,2.98,136,2,55.0,5.5,3122.0,0.0,0.0,279,187,17.7,771,1,1,0,Industrial,West Bengal,active,title_dispute
PRJ-00907,Low,38,47,76,112,103,67,35,5.09,6,0,48.2,0.8,3180033.0,3180033.0,1.0,331,260,100.0,452,0,1,1,Power Line,Rajasthan,planned,boundary
PRJ-00908,Low,55,42,69,51,43,72,53,1.17,23,0,38.5,2.2,155085.0,148758.0,0.9592,472,316,84.1,600,0,1,1,Resettlement,Tamil Nadu,on_hold,compensation
PRJ-00909,Low,69,67,152,144,46,74,47,5.04,26,0,36.0,3.0,56291.0,47121.0,0.8371,197,140,75.2,724,1,1,1,Highway,Uttar Pradesh,completed,title_dispute
PRJ-00910,Critical,111,76,151,115,48,140,75,11.0,304,0,59.7,4.9,496946.0,118174.0,0.2378,65,50,0.0,577,0,1,0,Industrial,Tamil Nadu,on_hold,none
PRJ-00911,Low,107,86,74,122,51,89,46,7.97,2,1,58.2,3.6,42481.0,37290.0,0.8778,16,6,86.3,789,0,1,1,Railway,Tamil Nadu,on_hold,none
PRJ-00912,Medium,56,46,106,42,101,51,73,5.76,77,0,9.6,1.9,703066.0,408060.0,0.5804,142,31,63.6,502,0,1,1,Highway,Gujarat,on_hold,compensation
PRJ-00913,High,108,64,148,103,90,87,53,4.99,188,4,34.8,0.6,134191.0,24476.0,0.1824,267,202,12.6,498,0,0,0,Power Line,Andhra Pradesh,on_hold,encroachment
PRJ-00914,High,68,42,176,121,53,45,75,3.86,237,3,29.2,0.9,2270719.0,821546.0,0.3618,89,56,3.8,769,1,1,0,Border Infrastructure,Rajasthan,planned,legal_challenge
PRJ-00915,High,91,80,135,116,59,73,64,1.3,193,3,14.7,0.6,22410.0,7779.0,0.3471,224,35,31.9,580,0,1,1,Railway,Uttar Pradesh,on_hold,boundary
PRJ-00916,Medium,37,51,93,110,92,69,51,4.87,126,3,18.0,2.0,21461.0,19319.0,0.9002,185,58,77.0,458,1,1,1,Highway,Tamil Nadu,on_hold,legal_challenge
PRJ-00917,Low,70,46,82,67,60,86,74,1.43,26,1,7.0,2.0,41467.0,38017.0,0.9168,195,22,89.6,560,0,1,1,Border Infrastructure,West Bengal,active,boundary
PRJ-00918,High,107,84,154,133,68,77,34,5.39,94,6,43.9,3.8,148505.0,35894.0,0.2417,38,11,29.4,708,1,0,1,Industrial,West Bengal,completed,legal_challenge
PRJ-00919,Critical,82,32,156,128,103,96,70,0.85,191,5,24.8,3.0,167552.0,37515.0,0.2239,167,108,0.0,501,1,0,1,Resettlement,Andhra Pradesh,planned,legal_challenge
PRJ-00920,Medium,92,53,99,115,65,40,54,9.98,26,2,41.0,3.7,76630.0,67105.0,0.8757,92,44,45.5,702,0,1,1,Border Infrastructure,Madhya Pradesh,planned,boundary
PRJ-00921,Low,45,38,99,73,101,41,54,3.94,26,0,34.0,4.2,28025.0,28025.0,1.0,463,197,100.0,670,1,1,1,Highway,Telangana,completed,boundary
PRJ-00922,High,61,62,130,99,112,51,83,1.32,101,3,37.0,1.3,111424.0,39366.0,0.3533,390,107,27.4,440,0,1,0,Border Infrastructure,Karnataka,planned,encroachment
PRJ-00923,High,108,61,149,123,103,113,65,1.43,52,4,58.2,4.1,44784.0,0.0,0.0,485,239,17.9,414,1,1,1,Resettlement,Uttar Pradesh,completed,encroachment
PRJ-00924,High,93,56,139,98,89,85,73,19.29,83,1,49.3,2.2,768458.0,389531.0,0.5069,50,7,4.5,588,1,1,1,Highway,Tamil Nadu,on_hold,title_dispute
PRJ-00925,High,72,52,153,64,112,132,82,1.28,19,0,54.9,4.7,47907.0,13380.0,0.2793,29,21,7.4,438,1,1,1,Highway,Andhra Pradesh,planned,boundary
PRJ-00926,High,96,48,137,73,47,93,48,4.88,35,1,45.1,2.6,935115.0,305222.0,0.3264,168,115,29.7,785,0,1,1,Resettlement,Uttar Pradesh,active,compensation
PRJ-00927,Low,62,45,128,38,56,61,56,1.05,33,0,58.1,3.1,95283.0,61943.0,0.6501,300,114,78.3,650,1,1,1,Power Line,Uttar Pradesh,completed,title_dispute
PRJ-00928,High,81,60,96,87,105,87,74,3.56,278,0,38.7,0.9,27880.0,3086.0,0.1107,185,82,54.0,524,0,1,1,Industrial,Madhya Pradesh,planned,boundary
PRJ-00929,Medium,62,70,108,73,98,93,39,2.06,72,0,14.8,3.0,40239.0,40239.0,1.0,244,159,68.3,496,0,1,1,Highway,Karnataka,completed,none
PRJ-00930,High,110,73,140,86,60,94,71,5.8,237,1,39.9,6.8,1724270.0,398996.0,0.2314,439,177,59.9,466,0,1,0,Railway,Telangana,on_hold,boundary
PRJ-00931,Low,63,85,72,72,41,50,47,7.39,26,1,13.6,6.2,525556.0,514362.0,0.9787,89,48,95.1,695,0,1,0,Railway,Telangana,active,encroachment
PRJ-00932,Low,95,52,112,143,52,61,41,4.56,2,1,54.3,1.8,2903149.0,2388130.0,0.8226,343,145,100.0,580,0,1,1,Industrial,Karnataka,planned,encroachment
PRJ-00933,Medium,92,56,147,64,63,47,55,6.77,130,2,25.9,2.5,1462439.0,1112477.0,0.7607,32,11,42.4,589,1,1,0,Industrial,Uttar Pradesh,active,encroachment
PRJ-00934,Medium,83,63,162,65,73,91,88,13.61,122,1,16.1,0.3,187295.0,90014.0,0.4806,276,134,44.3,665,0,1,0,Industrial,Uttar Pradesh,on_hold,compensation
PRJ-00935,Critical,78,42,171,116,106,103,83,2.93,263,3,31.6,0.9,57474.0,891.0,0.0155,127,6,6.7,451,0,1,0,Industrial,Karnataka,planned,none
PRJ-00936,Medium,43,48,106,105,41,64,67,32.41,77,0,40.7,4.4,39411.0,27812.0,0.7057,258,42,77.1,504,0,1,0,Border Infrastructure,Uttar Pradesh,completed,none
PRJ-00937,Critical,113,83,141,115,36,83,38,3.61,288,6,46.5,0.8,251000.0,49748.0,0.1982,383,93,24.6,752,1,0,1,Highway,Maharashtra,active,legal_challenge
PRJ-00938,Low,52,88,125,82,58,83,46,1.08,43,0,6.6,3.8,98100.0,90752.0,0.9251,497,5,69.1,642,0,0,0,Power Line,West Bengal,planned,compensation
PRJ-00939,Medium,72,57,111,98,60,104,44,1.98,85,0,48.0,3.4,1738530.0,1302333.0,0.7491,255,178,65.9,641,1,0,0,Industrial,Karnataka,planned,legal_challenge
PRJ-00940,High,75,68,109,91,102,132,78,5.87,44,1,19.4,2.4,1371984.0,244762.0,0.1784,401,30,59.3,555,0,1,1,Power Line,Telangana,on_hold,compensation
PRJ-00941,Medium,92,37,78,110,75,94,39,9.06,90,3,19.0,3.7,1059229.0,580034.0,0.5476,11,7,70.7,554,1,1,0,Railway,West Bengal,on_hold,title_dispute
PRJ-00942,High,104,74,159,76,83,123,46,45.0,224,0,48.7,3.9,3169476.0,812020.0,0.2562,80,62,15.8,512,0,0,1,Border Infrastructure,Telangana,planned,boundary
PRJ-00943,Low,94,52,104,43,97,52,53,20.75,9,0,49.2,4.7,872878.0,728155.0,0.8342,476,363,83.7,727,0,1,0,Railway,Gujarat,completed,boundary
PRJ-00944,High,103,72,130,122,111,103,62,8.31,162,4,26.4,1.6,11296.0,3603.0,0.319,205,96,22.9,541,0,0,0,Border Infrastructure,Andhra Pradesh,active,boundary
PRJ-00945,High,111,70,82,140,97,92,50,5.6,230,3,12.9,2.0,260245.0,65686.0,0.2524,152,13,19.5,404,0,1,1,Railway,West Bengal,planned,encroachment
PRJ-00946,High,106,69,83,105,86,125,57,6.6,46,2,37.2,3.4,18881.0,8846.0,0.4685,254,58,44.6,550,1,0,1,Railway,Tamil Nadu,on_hold,legal_challenge
PRJ-00947,Medium,47,62,74,57,76,95,37,1.93,0,2,36.5,2.7,118850.0,62658.0,0.5272,185,97,55.5,400,1,0,0,Railway,Rajasthan,planned,none
PRJ-00948,High,95,70,143,121,91,88,61,5.76,52,2,54.3,2.6,84395.0,0.0,0.0,226,105,11.9,441,0,0,0,Power Line,Andhra Pradesh,active,none
PRJ-00949,Medium,67,53,123,109,60,65,63,2.17,19,1,41.9,1.9,17827.0,9413.0,0.528,476,115,60.5,559,0,1,0,Power Line,Gujarat,completed,encroachment
PRJ-00950,Low,83,61,108,74,56,131,53,1.16,38,0,19.0,5.2,360154.0,360154.0,1.0,159,38,78.4,552,0,1,0,Industrial,Telangana,active,boundary
PRJ-00951,High,69,79,149,76,55,88,55,5.27,186,2,42.5,2.2,322163.0,163466.0,0.5074,262,195,3.2,764,0,1,1,Border Infrastructure,Uttar Pradesh,planned,compensation
PRJ-00952,Low,47,77,130,81,38,88,59,2.55,5,0,28.4,2.4,42113.0,36824.0,0.8744,391,43,73.3,554,1,1,0,Border Infrastructure,Uttar Pradesh,planned,legal_challenge
PRJ-00953,High,69,79,134,119,44,93,66,3.54,151,1,15.3,3.3,25158.0,5620.0,0.2234,211,113,27.8,636,0,1,1,Industrial,West Bengal,on_hold,none
PRJ-00954,High,108,72,155,124,96,129,75,3.92,275,0,34.4,4.9,415448.0,150351.0,0.3619,175,83,0.0,548,0,1,1,Highway,Maharashtra,planned,boundary
PRJ-00955,Medium,95,38,117,101,55,127,69,8.03,14,1,21.2,3.9,7371705.0,3634251.0,0.493,384,297,76.0,469,1,1,1,Highway,Maharashtra,planned,title_dispute
PRJ-00956,Critical,80,73,157,130,63,137,79,2.42,2,6,53.9,4.2,421044.0,0.0,0.0,324,178,6.6,458,1,0,1,Resettlement,Tamil Nadu,on_hold,title_dispute
PRJ-00957,Low,81,54,72,54,104,55,35,5.2,10,0,43.9,0.9,580197.0,473151.0,0.8155,247,4,99.0,658,1,1,1,Railway,Tamil Nadu,planned,legal_challenge
PRJ-00958,Critical,80,72,139,99,112,112,84,10.66,117,7,10.8,1.4,83433.0,5356.0,0.0642,138,90,28.0,748,0,1,1,Resettlement,Karnataka,completed,encroachment
PRJ-00959,Low,93,49,69,72,35,44,31,19.14,1,0,33.2,3.4,468073.0,468073.0,1.0,92,37,100.0,758,1,1,1,Border Infrastructure,Karnataka,active,title_dispute
PRJ-00960,Medium,106,68,146,80,77,97,53,25.89,168,1,36.4,2.1,143191.0,96668.0,0.6751,205,63,39.1,454,1,1,1,Resettlement,Rajasthan,planned,legal_challenge
PRJ-00961,Medium,99,60,138,109,60,89,81,5.6,131,2,9.9,2.8,173286.0,96624.0,0.5576,10,4,43.6,417,0,1,0,Industrial,Uttar Pradesh,planned,boundary
PRJ-00962,High,45,81,163,119,80,61,78,1.78,206,3,45.0,2.6,32626.0,16346.0,0.501,9,7,15.9,583,0,1,1,Resettlement,Maharashtra,active,encroachment
PRJ-00963,Low,52,34,82,71,45,47,50,8.04,21,0,14.3,1.6,43472.0,25814.0,0.5938,185,97,100.0,688,1,1,1,Resettlement,Gujarat,completed,legal_challenge
PRJ-00964,Low,43,54,79,137,100,73,58,7.66,22,0,49.1,3.1,729063.0,729063.0,1.0,197,151,100.0,710,0,1,1,Resettlement,Tamil Nadu,on_hold,encroachment
PRJ-00965,High,66,60,98,101,80,146,69,9.02,210,3,48.3,4.7,309019.0,0.0,0.0,304,150,47.9,606,1,0,0,Power Line,Andhra Pradesh,on_hold,compensation
PRJ-00966,Critical,113,84,174,124,116,135,60,18.52,227,4,28.5,1.0,68352.0,33684.0,0.4928,394,72,0.0,795,0,1,1,Highway,Gujarat,planned,encroachment
PRJ-00967,High,69,66,176,33,67,79,78,2.53,191,0,24.4,1.2,40733.0,4998.0,0.1227,36,17,15.6,458,1,0,1,Highway,Gujarat,active,title_dispute
PRJ-00968,High,91,60,118,59,81,98,62,13.76,9,1,45.7,2.8,231393.0,61898.0,0.2675,169,14,22.3,630,1,1,0,Border Infrastructure,Karnataka,on_hold,legal_challenge
PRJ-00969,Medium,91,57,96,40,67,121,57,3.49,56,1,58.4,4.2,209711.0,121800.0,0.5808,120,19,96.9,482,0,1,0,Railway,Telangana,active,compensation
PRJ-00970,High,106,81,155,84,86,133,87,7.98,47,2,9.3,0.4,403555.0,59000.0,0.1462,22,14,0.0,402,1,0,1,Railway,Karnataka,planned,title_dispute
PRJ-00971,High,73,67,148,45,111,120,73,20.32,223,5,46.8,5.5,70634.0,10214.0,0.1446,259,39,3.2,506,0,1,1,Highway,Andhra Pradesh,on_hold,compensation
PRJ-00972,High,68,57,145,87,65,69,55,6.91,140,2,33.4,1.6,24956.0,5957.0,0.2387,452,25,46.6,440,1,1,1,Resettlement,West Bengal,active,none
PRJ-00973,Low,58,54,77,88,61,63,64,10.44,14,0,18.4,2.1,291173.0,291173.0,1.0,16,2,88.7,548,0,1,1,Highway,Karnataka,completed,compensation
PRJ-00974,Low,61,34,69,102,36,44,63,15.56,21,0,5.1,5.7,23010423.0,23010423.0,1.0,441,182,92.4,712,0,1,1,Highway,West Bengal,active,boundary
PRJ-00975,Medium,79,76,112,81,33,95,37,18.7,63,0,32.7,1.9,651763.0,225640.0,0.3462,21,5,35.8,533,1,1,0,Railway,Maharashtra,planned,legal_challenge
PRJ-00976,High,108,54,174,39,71,78,36,6.08,137,0,45.3,3.5,54028.0,30888.0,0.5717,125,49,32.8,688,1,1,0,Industrial,Maharashtra,active,legal_challenge
PRJ-00977,High,53,72,139,105,57,78,59,14.0,187,0,20.4,4.3,168929.0,67335.0,0.3986,459,202,48.4,466,0,0,1,Resettlement,Maharashtra,planned,encroachment
PRJ-00978,Medium,106,64,171,92,54,62,50,2.83,85,1,5.4,0.8,360023.0,232287.0,0.6452,405,275,77.1,516,1,0,1,Border Infrastructure,Maharashtra,active,title_dispute
PRJ-00979,High,94,53,130,88,95,108,64,2.11,6,5,47.9,4.8,83681.0,49363.0,0.5899,251,10,31.0,792,1,1,1,Railway,Gujarat,completed,title_dispute
PRJ-00980,Medium,79,45,167,101,86,50,68,5.09,137,2,47.6,0.7,14369.0,7561.0,0.5262,185,28,41.2,623,0,1,1,Railway,Uttar Pradesh,active,none
PRJ-00981,High,67,44,163,105,79,106,71,3.13,206,0,55.7,2.6,286881.0,59671.0,0.208,415,4,0.0,768,1,0,1,Industrial,Maharashtra,completed,title_dispute
PRJ-00982,Medium,72,51,153,80,77,117,42,3.02,45,1,17.6,0.4,201820.0,96087.0,0.4761,313,164,67.3,525,0,1,1,Industrial,Maharashtra,completed,compensation
PRJ-00983,Medium,66,77,98,45,59,52,44,2.66,69,0,39.0,3.3,1067320.0,672625.0,0.6302,258,145,70.6,582,0,1,1,Power Line,Karnataka,planned,none
PRJ-00984,Medium,58,47,68,66,93,91,41,0.89,33,1,37.5,2.6,85741.0,33139.0,0.3865,362,156,93.3,453,1,0,1,Resettlement,Rajasthan,on_hold,title_dispute
PRJ-00985,Low,97,74,62,117,35,51,49,4.81,5,0,31.4,0.8,286658.0,252546.0,0.881,123,30,94.9,683,0,1,0,Power Line,Uttar Pradesh,completed,boundary
PRJ-00986,Medium,82,58,130,63,94,59,55,2.54,102,0,9.1,4.9,498077.0,285846.0,0.5739,15,5,96.4,417,1,1,1,Highway,Tamil Nadu,active,title_dispute
PRJ-00987,Low,64,45,133,44,61,88,71,2.1,18,0,53.6,5.7,255460.0,125942.0,0.493,258,3,98.9,595,0,1,1,Border Infrastructure,Telangana,on_hold,none
PRJ-00988,Low,112,46,117,96,57,105,50,14.41,8,0,27.6,3.1,52881.0,36520.0,0.6906,282,172,100.0,413,1,1,0,Power Line,Tamil Nadu,completed,legal_challenge
PRJ-00989,Medium,105,60,119,84,45,99,59,2.27,108,2,41.4,2.7,169459.0,117181.0,0.6915,448,153,64.4,773,0,1,1,Resettlement,West Bengal,active,none
PRJ-00990,Critical,107,39,87,60,104,112,65,2.05,137,7,10.8,0.9,7882.0,1897.0,0.2407,242,82,0.0,768,1,1,0,Railway,Karnataka,completed,title_dispute
PRJ-00991,Critical,109,58,107,135,105,81,50,8.69,120,1,51.1,1.1,90644.0,770.0,0.0085,469,5,0.0,749,1,1,1,Border Infrastructure,Tamil Nadu,completed,title_dispute
PRJ-00992,Medium,76,59,120,49,70,111,57,3.88,10,2,44.3,2.7,370017.0,168432.0,0.4552,190,40,42.8,528,0,1,0,Railway,Gujarat,on_hold,boundary
PRJ-00993,Critical,86,74,142,117,107,125,68,5.63,192,5,30.4,0.8,151893.0,0.0,0.0,13,4,6.8,638,1,1,1,Resettlement,Karnataka,on_hold,boundary
PRJ-00994,Medium,79,56,89,134,97,55,69,8.62,23,2,24.1,5.2,103163.0,46372.0,0.4495,464,226,41.8,560,0,1,1,Industrial,Andhra Pradesh,completed,none
PRJ-00995,Medium,61,81,169,87,45,75,53,8.97,20,0,33.3,2.1,212663.0,122770.0,0.5773,451,222,100.0,425,0,1,1,Resettlement,Rajasthan,completed,compensation
PRJ-00996,Medium,44,59,95,80,84,96,41,7.73,89,0,37.5,2.6,357459.0,224449.0,0.6279,36,27,59.9,532,1,1,1,Power Line,Tamil Nadu,completed,legal_challenge
PRJ-00997,Medium,70,40,132,87,92,101,39,3.88,12,0,26.0,1.2,421309.0,356764.0,0.8468,264,93,49.3,661,1,0,1,Railway,West Bengal,planned,legal_challenge
PRJ-00998,High,72,58,114,77,86,127,56,5.76,92,1,15.3,2.7,198879.0,25576.0,0.1286,17,4,29.6,584,0,1,1,Resettlement,Telangana,completed,none
PRJ-00999,Low,63,36,94,80,53,83,46,30.11,5,0,23.3,3.1,87014.0,87014.0,1.0,153,113,88.0,702,1,1,0,Border Infrastructure,West Bengal,on_hold,legal_challenge
PRJ-01000,Medium,63,65,100,88,65,55,51,3.32,112,0,44.9,1.2,74396.0,62381.0,0.8385,341,198,44.4,595,0,1,0,Railway,West Bengal,on_hold,compensation
PRJ-01001,High,72,37,150,95,100,116,77,5.89,197,0,20.7,3.3,106520.0,31903.0,0.2995,315,119,0.0,668,1,1,1,Railway,Gujarat,completed,legal_challenge
PRJ-01002,Medium,36,46,96,53,75,63,48,18.31,60,0,54.4,1.7,86170.0,76519.0,0.888,238,59,56.3,459,0,1,0,Railway,Gujarat,on_hold,compensation
PRJ-01003,Medium,109,80,106,72,107,90,50,1.96,21,2,19.7,3.4,17368.0,15494.0,0.8921,339,131,36.4,517,0,1,1,Resettlement,Uttar Pradesh,planned,boundary
PRJ-01004,High,100,53,150,77,90,94,46,2.12,229,1,14.7,5.2,463281.0,149547.0,0.3228,315,65,28.5,546,0,0,1,Industrial,Telangana,active,encroachment
PRJ-01005,High,85,57,86,103,105,125,82,3.85,89,1,24.5,0.5,444351.0,0.0,0.0,453,164,46.0,485,1,0,1,Industrial,Andhra Pradesh,completed,title_dispute
PRJ-01006,Low,38,86,103,87,54,73,76,2.96,1,0,13.4,1.4,9424.0,9424.0,1.0,17,9,100.0,437,1,1,0,Power Line,Andhra Pradesh,completed,title_dispute
PRJ-01007,Medium,57,49,113,79,60,109,56,1.89,114,1,34.3,2.2,201301.0,175031.0,0.8695,369,86,44.5,572,0,1,0,Border Infrastructure,Uttar Pradesh,on_hold,compensation
PRJ-01008,High,108,70,99,115,55,128,67,2.83,133,5,25.9,2.4,88424.0,0.0,0.0,471,154,0.0,630,0,1,1,Highway,Telangana,planned,none
PRJ-01009,Low,67,50,81,37,69,119,38,2.88,55,1,49.5,1.0,448356.0,448356.0,1.0,47,5,72.9,403,1,1,1,Power Line,Madhya Pradesh,active,title_dispute
PRJ-01010,Low,45,35,95,108,79,74,54,7.38,53,0,30.6,4.0,586666.0,586666.0,1.0,488,301,100.0,518,0,1,0,Border Infrastructure,Madhya Pradesh,on_hold,encroachment
PRJ-01011,Medium,62,48,103,85,63,65,65,2.45,52,0,25.3,3.5,893204.0,255635.0,0.2862,493,56,54.0,776,0,1,1,Railway,Andhra Pradesh,completed,boundary
PRJ-01012,Medium,70,68,141,74,65,57,37,2.85,29,0,45.4,2.7,19965.0,18518.0,0.9275,152,33,61.1,624,0,1,0,Railway,Rajasthan,on_hold,none
PRJ-01013,Medium,79,48,143,72,93,97,62,6.47,47,0,6.8,2.3,271514.0,133938.0,0.4933,110,48,47.2,660,0,0,0,Railway,Rajasthan,planned,compensation
PRJ-01014,Medium,84,71,128,83,73,104,74,2.23,6,2,56.2,0.8,35261.0,21929.0,0.6219,109,24,62.1,692,0,1,1,Railway,Andhra Pradesh,active,none
PRJ-01015,High,64,78,133,128,73,55,64,9.42,43,4,57.6,1.3,719419.0,281365.0,0.3911,460,159,41.3,534,1,0,1,Resettlement,Madhya Pradesh,planned,title_dispute
PRJ-01016,High,87,72,150,84,102,138,66,10.39,90,0,41.4,4.1,743991.0,214344.0,0.2881,172,21,33.3,571,0,1,1,Resettlement,Tamil Nadu,planned,boundary
PRJ-01017,High,100,48,77,132,58,120,75,2.54,13,4,41.7,5.7,15074.0,9251.0,0.6137,56,41,38.9,666,1,1,0,Power Line,Andhra Pradesh,planned,title_dispute
PRJ-01018,Low,45,57,114,114,85,122,69,5.87,26,0,25.9,5.8,994852.0,976746.0,0.9818,349,54,90.2,640,0,1,0,Power Line,Maharashtra,planned,compensation
PRJ-01019,Critical,106,67,129,84,81,67,86,1.97,231,2,24.4,3.5,172218.0,26315.0,0.1528,6,2,1.1,651,1,1,1,Industrial,Rajasthan,active,title_dispute
PRJ-01020,Medium,47,36,98,86,45,64,50,4.56,51,0,9.7,2.1,197656.0,177673.0,0.8989,331,92,71.5,671,1,1,1,Highway,Tamil Nadu,completed,title_dispute
PRJ-01021,High,92,75,155,138,94,106,59,7.0,166,4,59.7,1.4,2396672.0,860405.0,0.359,311,88,0.0,646,0,0,1,Resettlement,Tamil Nadu,active,boundary
PRJ-01022,Medium,57,63,143,114,51,116,47,10.87,53,0,21.8,0.8,48042.0,48042.0,1.0,95,35,93.0,563,0,1,1,Border Infrastructure,Rajasthan,completed,boundary
PRJ-01023,Medium,84,75,110,61,62,80,65,7.7,49,0,45.2,3.6,795065.0,474336.0,0.5966,153,32,63.3,510,1,1,0,Border Infrastructure,Tamil Nadu,completed,legal_challenge
PRJ-01024,High,63,56,142,131,61,58,78,3.73,141,4,25.8,2.6,95160.0,19260.0,0.2024,419,148,27.4,604,0,0,1,Railway,Maharashtra,on_hold,boundary
PRJ-01025,Medium,45,67,92,123,66,98,49,6.34,50,0,35.8,0.5,921911.0,558586.0,0.6059,279,46,68.0,720,1,1,1,Resettlement,Gujarat,planned,boundary
PRJ-01026,Medium,113,72,78,79,80,107,62,2.57,5,3,15.1,2.5,457627.0,160764.0,0.3513,51,31,48.1,570,1,1,1,Resettlement,Telangana,active,legal_challenge
PRJ-01027,Medium,43,60,95,88,87,109,41,18.0,57,0,47.6,3.1,67304.0,41648.0,0.6188,85,56,96.0,602,1,1,1,Highway,Andhra Pradesh,planned,legal_challenge
PRJ-01028,Medium,46,63,97,58,49,68,58,4.35,36,2,10.3,3.3,248619.0,153199.0,0.6162,380,75,61.7,406,1,0,1,Resettlement,Gujarat,active,boundary
PRJ-01029,Low,39,33,112,63,83,38,35,10.35,6,0,21.8,1.9,114817.0,114817.0,1.0,17,3,99.4,795,0,1,1,Highway,Andhra Pradesh,completed,encroachment
PRJ-01030,High,96,68,92,117,62,99,73,7.77,112,0,41.9,4.7,135707.0,23260.0,0.1714,44,2,5.1,769,0,1,1,Border Infrastructure,Karnataka,completed,compensation
PRJ-01031,High,102,68,82,140,100,67,81,0.82,147,2,30.4,1.8,210967.0,74556.0,0.3534,430,208,16.8,559,0,1,0,Railway,Andhra Pradesh,active,none
PRJ-01032,Low,68,38,76,108,54,83,49,3.94,33,0,20.8,5.4,899038.0,655309.0,0.7289,197,45,97.4,447,0,1,1,Resettlement,Rajasthan,completed,compensation
PRJ-01033,High,62,67,141,72,63,78,64,10.63,66,3,32.6,6.4,26699.0,8672.0,0.3248,13,10,56.5,772,1,1,1,Border Infrastructure,Rajasthan,on_hold,title_dispute
PRJ-01034,Medium,57,54,114,72,85,99,52,6.34,2,1,47.8,4.7,41204.0,33392.0,0.8104,399,74,68.8,589,0,1,1,Power Line,Andhra Pradesh,planned,encroachment
PRJ-01035,Medium,55,61,95,62,37,101,56,3.49,59,3,14.3,2.6,25261.0,17837.0,0.7061,308,61,58.0,472,0,1,0,Power Line,Tamil Nadu,planned,none
PRJ-01036,Medium,73,77,87,139,87,83,59,3.0,40,1,17.0,5.9,423526.0,289819.0,0.6843,432,52,75.0,564,0,1,0,Industrial,Telangana,planned,encroachment
PRJ-01037,High,98,75,103,138,67,102,48,1.21,221,5,24.4,4.4,172427.0,76195.0,0.4419,165,126,0.0,520,1,1,0,Power Line,Rajasthan,active,legal_challenge
PRJ-01038,Medium,71,81,159,138,95,122,48,6.84,16,2,58.0,3.7,50621.0,23934.0,0.4728,70,42,37.3,482,0,0,1,Railway,Andhra Pradesh,planned,none
PRJ-01039,Medium,68,46,93,48,100,95,30,8.33,45,1,5.5,5.2,4451179.0,2668927.0,0.5996,76,45,79.2,680,0,0,1,Highway,Karnataka,completed,encroachment
PRJ-01040,Critical,116,58,157,73,79,106,55,1.72,319,3,35.7,2.9,62437.0,4071.0,0.0652,272,70,0.0,590,1,1,1,Border Infrastructure,Karnataka,on_hold,title_dispute
PRJ-01041,Critical,61,82,151,73,83,135,74,3.6,180,7,18.3,1.6,952684.0,76596.0,0.0804,314,63,17.7,636,1,0,1,Railway,Rajasthan,active,legal_challenge
PRJ-01042,Medium,71,47,117,85,62,140,72,5.45,28,0,30.4,4.0,54465.0,54465.0,1.0,245,13,70.1,402,0,1,0,Industrial,Tamil Nadu,completed,none
PRJ-01043,Low,59,70,168,40,38,41,57,13.69,14,0,27.3,1.4,1606340.0,1451810.0,0.9038,39,10,81.8,686,0,1,1,Border Infrastructure,Andhra Pradesh,on_hold,none
PRJ-01044,High,80,61,155,126,95,86,69,1.48,91,2,23.9,2.2,8008.0,4333.0,0.5411,324,198,37.2,530,0,1,1,Resettlement,Gujarat,on_hold,encroachment
PRJ-01045,High,66,52,133,114,46,78,64,11.92,104,1,33.1,1.5,401179.0,302088.0,0.753,139,62,26.5,464,0,1,1,Highway,Gujarat,active,none
PRJ-01046,Critical,78,76,136,104,107,55,82,4.56,297,6,32.0,2.8,577972.0,146169.0,0.2529,112,15,31.0,518,1,1,1,Resettlement,Uttar Pradesh,on_hold,title_dispute
PRJ-01047,Low,42,46,78,112,78,95,57,1.72,0,0,23.1,3.5,344244.0,259939.0,0.7551,44,31,100.0,426,0,1,1,Railway,Karnataka,active,compensation
PRJ-01048,High,58,59,119,117,56,125,75,7.2,93,6,41.8,1.7,92746.0,44574.0,0.4806,206,62,15.8,597,1,1,1,Resettlement,Madhya Pradesh,on_hold,legal_challenge
PRJ-01049,Low,75,74,68,33,72,52,42,2.12,24,0,40.3,2.0,307588.0,286887.0,0.9327,494,65,100.0,724,1,1,1,Resettlement,West Bengal,on_hold,legal_challenge
PRJ-01050,High,106,52,137,93,96,107,65,3.76,88,0,17.1,5.0,3449821.0,905233.0,0.2624,290,208,26.2,733,0,0,1,Border Infrastructure,Tamil Nadu,completed,encroachment
PRJ-01051,High,109,66,153,73,85,101,51,24.29,133,3,31.5,3.6,237752.0,23609.0,0.0993,453,361,54.0,497,1,1,1,Power Line,Madhya Pradesh,on_hold,title_dispute
PRJ-01052,Medium,94,60,103,91,54,104,55,7.75,1,2,39.3,3.1,1400091.0,858816.0,0.6134,173,13,11.1,588,0,1,1,Industrial,Maharashtra,completed,boundary
PRJ-01053,Medium,51,60,125,145,109,134,54,4.41,10,1,51.9,2.5,164383.0,119112.0,0.7246,145,72,61.5,692,1,1,1,Highway,Rajasthan,on_hold,title_dispute
PRJ-01054,Medium,45,61,112,45,42,46,61,4.13,57,1,24.6,0.7,907080.0,325642.0,0.359,418,34,70.4,589,1,1,1,Railway,Madhya Pradesh,completed,encroachment
PRJ-01055,High,106,61,115,124,79,130,61,4.06,50,0,26.2,1.8,128852.0,26827.0,0.2082,232,118,10.3,431,0,1,1,Industrial,Tamil Nadu,planned,encroachment
PRJ-01056,High,90,37,115,136,110,128,86,4.05,135,1,32.7,2.1,725941.0,263589.0,0.3631,468,369,16.3,769,0,1,0,Power Line,Gujarat,planned,boundary
PRJ-01057,Medium,60,44,148,65,63,61,58,1.91,49,0,46.7,4.0,328215.0,218230.0,0.6649,378,80,91.0,488,0,1,1,Border Infrastructure,Uttar Pradesh,planned,none
PRJ-01058,High,66,57,139,114,40,81,64,8.29,0,2,48.3,1.4,35131.0,18426.0,0.5245,145,65,32.1,460,1,1,0,Border Infrastructure,Andhra Pradesh,active,title_dispute
PRJ-01059,Low,77,53,86,93,44,97,65,4.1,5,0,15.6,4.1,263623.0,231356.0,0.8776,378,26,91.7,562,0,1,0,Railway,Karnataka,completed,none
PRJ-01060,Low,65,62,120,129,38,75,58,4.52,10,0,50.7,5.3,78291.0,78291.0,1.0,433,235,93.6,497,0,1,1,Industrial,Maharashtra,on_hold,encroachment
PRJ-01061,Medium,53,38,107,48,54,52,45,3.17,80,1,54.4,0.3,591609.0,465241.0,0.7864,216,39,85.1,496,0,1,0,Power Line,Uttar Pradesh,on_hold,compensation
PRJ-01062,Low,91,51,82,110,61,114,33,7.06,16,0,18.7,1.3,581104.0,581104.0,1.0,183,113,100.0,667,0,1,0,Power Line,Rajasthan,completed,boundary
PRJ-01063,High,111,67,167,51,54,89,57,2.91,57,3,58.7,5.5,74477.0,23237.0,0.312,182,94,55.0,749,0,0,0,Railway,Maharashtra,completed,compensation
PRJ-01064,Medium,61,70,86,86,39,80,67,18.19,54,2,23.3,1.5,1173287.0,486914.0,0.415,116,43,20.3,416,0,1,0,Railway,Andhra Pradesh,on_hold,none
PRJ-01065,Medium,67,56,97,93,75,85,41,0.78,93,1,32.0,2.4,159543.0,124842.0,0.7825,342,160,76.8,417,1,1,1,Industrial,Madhya Pradesh,completed,legal_challenge
PRJ-01066,Medium,74,50,116,92,119,98,65,0.76,81,0,49.7,2.4,208747.0,97798.0,0.4685,100,73,54.1,556,0,1,1,Highway,West Bengal,active,encroachment
PRJ-01067,High,64,57,140,94,41,101,59,4.48,127,3,44.0,3.1,667506.0,275480.0,0.4127,247,164,34.9,529,1,1,0,Border Infrastructure,Maharashtra,completed,legal_challenge
PRJ-01068,Low,70,34,89,121,53,135,32,7.3,4,0,32.5,0.8,86064.0,86064.0,1.0,60,20,100.0,796,0,1,0,Power Line,Madhya Pradesh,completed,boundary
PRJ-01069,Critical,61,75,109,102,64,46,56,9.91,316,7,34.5,4.2,1274174.0,488773.0,0.3836,106,80,25.0,690,0,0,1,Railway,Tamil Nadu,active,boundary
PRJ-01070,High,72,31,160,127,58,95,73,9.3,187,4,12.7,3.5,47690.0,10082.0,0.2114,89,32,34.1,737,1,1,1,Highway,Maharashtra,on_hold,compensation
PRJ-01071,Low,89,37,87,59,58,103,48,4.9,24,1,29.5,3.2,298383.0,276840.0,0.9278,51,29,90.6,478,0,1,1,Resettlement,Rajasthan,planned,compensation
PRJ-01072,Medium,62,39,67,67,35,63,52,5.23,83,2,56.4,5.3,417646.0,281535.0,0.6741,356,112,76.6,508,0,1,1,Highway,West Bengal,completed,compensation
PRJ-01073,Medium,100,51,102,77,81,88,77,2.01,62,0,33.1,2.1,91166.0,24943.0,0.2736,209,129,48.5,544,0,1,1,Power Line,Madhya Pradesh,active,none
PRJ-01074,High,54,32,165,129,73,143,65,5.35,146,0,51.4,4.4,146358.0,46791.0,0.3197,118,83,47.8,491,0,1,1,Railway,Uttar Pradesh,planned,boundary
PRJ-01075,High,59,62,116,95,77,107,81,4.56,45,4,47.2,5.4,246762.0,120247.0,0.4873,101,3,47.1,554,0,1,0,Railway,Maharashtra,completed,none
PRJ-01076,Medium,40,68,87,65,74,68,62,2.22,95,0,41.1,2.7,29583.0,7511.0,0.2539,138,105,56.2,615,0,1,0,Industrial,Uttar Pradesh,on_hold,boundary
PRJ-01077,High,74,38,170,108,82,91,66,1.33,34,4,30.5,0.9,23401.0,8958.0,0.3828,416,268,49.1,482,0,1,1,Border Infrastructure,Karnataka,planned,boundary
PRJ-01078,Critical,115,69,176,93,73,123,66,1.38,196,5,39.0,3.1,916189.0,0.0,0.0,399,17,0.2,617,1,0,1,Highway,Madhya Pradesh,completed,title_dispute
PRJ-01079,Medium,59,74,90,123,70,99,42,2.17,90,1,15.9,0.9,24902.0,10489.0,0.4212,437,187,64.9,586,1,0,1,Railway,Karnataka,completed,legal_challenge
PRJ-01080,Low,81,63,64,59,36,97,60,3.77,0,0,30.1,2.8,5300.0,5256.0,0.9917,490,366,100.0,702,1,1,0,Railway,Uttar Pradesh,completed,title_dispute
PRJ-01081,Low,83,40,143,145,95,94,64,1.58,6,0,42.2,3.1,263691.0,223030.0,0.8458,67,46,80.4,635,0,1,0,Power Line,Telangana,completed,encroachment
PRJ-01082,Medium,68,43,69,68,92,43,51,4.34,3,2,57.3,2.4,1143096.0,554287.0,0.4849,141,20,70.7,582,1,1,1,Border Infrastructure,Rajasthan,on_hold,title_dispute
PRJ-01083,Low,89,44,110,46,44,139,61,4.52,2,0,32.2,1.4,1225844.0,1225844.0,1.0,383,121,60.5,489,1,1,1,Power Line,Rajasthan,planned,legal_challenge
PRJ-01084,Critical,102,69,142,72,111,139,76,4.58,157,6,39.6,1.4,327616.0,8977.0,0.0274,357,176,0.0,775,0,1,1,Power Line,Tamil Nadu,completed,encroachment
PRJ-01085,High,56,57,151,48,57,63,59,8.24,198,0,47.2,5.2,20021.0,8275.0,0.4133,200,82,51.0,771,1,1,1,Resettlement,West Bengal,planned,compensation
PRJ-01086,Low,38,48,97,129,68,84,60,7.45,24,0,18.0,3.6,605256.0,553567.0,0.9146,433,316,88.4,459,0,1,0,Border Infrastructure,Rajasthan,completed,none
PRJ-01087,Critical,111,50,135,111,76,128,76,9.06,152,5,35.3,0.9,275899.0,18954.0,0.0687,115,69,3.0,623,1,0,0,Railway,Telangana,active,title_dispute
PRJ-01088,Medium,65,82,65,138,110,144,56,4.14,36,1,6.4,4.2,185076.0,143008.0,0.7727,144,0,63.0,506,1,0,1,Resettlement,Tamil Nadu,planned,legal_challenge
PRJ-01089,Medium,76,81,108,88,69,76,69,11.2,81,1,48.3,4.9,379440.0,264887.0,0.6981,54,9,62.4,409,0,1,0,Power Line,Uttar Pradesh,active,boundary
PRJ-01090,High,95,74,140,125,69,57,41,6.45,164,3,43.4,3.2,136325.0,35363.0,0.2594,248,184,56.2,406,1,1,1,Border Infrastructure,Telangana,completed,title_dispute
PRJ-01091,High,42,68,108,105,85,92,69,1.19,135,0,45.4,2.6,198983.0,115967.0,0.5828,349,108,6.1,606,1,0,0,Industrial,Madhya Pradesh,completed,title_dispute
PRJ-01092,High,87,69,172,135,61,123,89,13.19,41,2,47.3,2.2,48485.0,17212.0,0.355,387,304,10.0,589,1,0,0,Power Line,Karnataka,completed,legal_challenge
PRJ-01093,Low,81,42,78,57,61,60,53,4.53,46,0,25.2,3.3,66494.0,63608.0,0.9566,324,91,69.7,620,0,1,0,Power Line,Madhya Pradesh,completed,none
PRJ-01094,Medium,100,57,146,55,69,80,33,0.87,103,0,41.8,1.6,65437.0,60647.0,0.9268,198,96,58.8,463,1,1,0,Railway,Rajasthan,completed,compensation
PRJ-01095,High,82,38,148,130,86,110,51,2.55,157,6,28.7,2.8,188536.0,101112.0,0.5363,214,60,1.9,511,0,1,1,Resettlement,Telangana,active,compensation
PRJ-01096,Critical,86,65,144,85,53,47,58,3.62,286,4,47.5,1.1,267042.0,17865.0,0.0669,262,112,25.4,600,1,0,1,Resettlement,West Bengal,planned,title_dispute
PRJ-01097,High,81,64,94,142,60,93,60,3.31,190,1,11.8,3.9,22182.0,1333.0,0.0601,478,333,31.9,604,0,1,1,Border Infrastructure,Uttar Pradesh,completed,boundary
PRJ-01098,Critical,84,58,167,139,85,122,53,21.93,177,5,26.2,1.1,2234299.0,724360.0,0.3242,219,71,26.5,725,1,0,1,Power Line,Madhya Pradesh,active,title_dispute
PRJ-01099,High,96,34,102,104,100,105,59,13.04,119,0,45.8,1.3,119607.0,36181.0,0.3025,171,83,52.6,485,1,1,1,Railway,Telangana,planned,legal_challenge
PRJ-01100,High,70,76,80,96,78,112,54,2.15,200,3,15.6,2.5,25370.0,11680.0,0.4604,287,117,46.9,498,1,1,1,Resettlement,Karnataka,planned,title_dispute
PRJ-01101,High,95,35,165,104,111,109,76,4.83,77,6,23.6,2.9,35575.0,14376.0,0.4041,484,275,0.3,502,1,0,1,Border Infrastructure,Tamil Nadu,on_hold,title_dispute
PRJ-01102,Medium,42,56,104,134,89,73,65,5.57,75,1,9.1,0.7,40317.0,31250.0,0.7751,128,81,100.0,636,0,1,0,Industrial,Maharashtra,completed,encroachment
PRJ-01103,High,52,73,154,130,87,118,74,3.59,25,0,8.9,2.1,161388.0,75062.0,0.4651,388,10,44.2,746,0,1,1,Industrial,West Bengal,active,encroachment
PRJ-01104,Critical,68,43,143,124,118,97,83,15.17,242,0,37.9,0.8,55812.0,0.0,0.0,371,230,23.3,731,0,1,1,Highway,Uttar Pradesh,completed,boundary
PRJ-01105,High,102,78,155,108,73,127,53,2.23,16,4,42.1,2.7,2408600.0,461729.0,0.1917,209,119,32.1,661,0,1,0,Border Infrastructure,Madhya Pradesh,planned,boundary
PRJ-01106,High,79,69,105,67,79,79,55,4.76,42,1,31.6,3.8,964460.0,206009.0,0.2136,192,63,0.0,573,1,0,1,Industrial,Karnataka,on_hold,legal_challenge
PRJ-01107,Medium,79,46,113,94,65,113,72,6.49,117,0,9.2,1.6,13799.0,6302.0,0.4567,239,171,66.0,651,0,1,1,Industrial,Madhya Pradesh,on_hold,none
PRJ-01108,Medium,48,70,142,90,75,84,43,18.26,36,0,34.5,1.3,19120.0,14216.0,0.7435,394,44,60.4,667,1,1,1,Resettlement,Madhya Pradesh,completed,title_dispute
PRJ-01109,Medium,64,51,139,70,42,46,36,16.09,23,1,16.2,2.6,578136.0,369082.0,0.6384,248,141,100.0,744,1,1,1,Resettlement,Gujarat,on_hold,title_dispute
PRJ-01110,Medium,56,58,164,71,59,74,38,0.95,29,0,11.7,3.3,18769.0,3217.0,0.1714,440,74,69.9,555,0,0,1,Industrial,Tamil Nadu,on_hold,encroachment
PRJ-01111,High,66,69,93,51,93,107,63,3.63,53,3,29.0,4.0,11051.0,0.0,0.0,334,41,65.2,656,0,1,0,Power Line,Andhra Pradesh,completed,encroachment
PRJ-01112,High,98,66,152,103,108,97,81,5.61,119,2,28.0,1.3,260713.0,119015.0,0.4565,12,6,60.6,433,1,1,1,Power Line,Madhya Pradesh,active,legal_challenge
PRJ-01113,High,75,62,126,63,99,93,80,0.66,47,2,33.5,4.2,230675.0,150054.0,0.6505,187,74,43.8,691,1,1,0,Industrial,Gujarat,on_hold,legal_challenge
PRJ-01114,High,77,43,157,106,54,99,64,5.05,135,0,49.5,1.5,100180.0,84271.0,0.8412,492,129,28.2,434,0,1,0,Industrial,Andhra Pradesh,active,boundary
PRJ-01115,High,63,71,131,42,82,93,49,5.98,71,1,22.4,0.6,398976.0,0.0,0.0,136,86,42.8,493,0,1,1,Highway,Andhra Pradesh,planned,encroachment
PRJ-01116,Low,98,48,94,82,44,53,74,9.61,12,0,19.9,3.4,25229.0,24346.0,0.965,287,63,98.8,780,0,1,1,Industrial,Gujarat,completed,compensation
PRJ-01117,Low,81,69,121,41,46,44,32,2.23,25,1,18.3,1.6,230178.0,192314.0,0.8355,242,19,81.0,800,1,1,1,Railway,Tamil Nadu,on_hold,none
PRJ-01118,Medium,58,86,138,104,67,91,64,14.73,24,3,9.5,6.1,83521.0,37835.0,0.453,306,52,38.0,649,0,0,1,Highway,Madhya Pradesh,completed,none
PRJ-01119,Medium,62,36,155,97,78,52,56,6.01,63,1,46.1,2.8,213691.0,145545.0,0.6811,5,1,84.9,608,1,1,1,Highway,Uttar Pradesh,completed,title_dispute
PRJ-01120,High,51,68,104,98,101,78,49,1.04,133,2,43.9,1.5,1508232.0,468759.0,0.3108,492,253,70.1,535,0,1,1,Power Line,Madhya Pradesh,active,boundary
PRJ-01121,Medium,47,72,106,67,95,121,53,10.06,40,3,45.3,0.4,192815.0,142972.0,0.7415,8,2,43.6,660,1,1,1,Railway,Andhra Pradesh,on_hold,title_dispute
PRJ-01122,Critical,72,79,163,87,103,134,64,5.96,209,4,50.3,4.9,252991.0,0.0,0.0,331,181,0.0,493,1,0,1,Border Infrastructure,Karnataka,on_hold,none
PRJ-01123,High,86,83,141,111,58,146,76,3.74,184,0,32.6,3.5,37694.0,2077.0,0.0551,355,85,37.4,712,1,1,1,Railway,Rajasthan,on_hold,boundary
PRJ-01124,High,85,69,113,117,82,122,71,3.5,48,3,29.3,1.6,138029.0,74163.0,0.5373,494,204,34.5,642,0,1,0,Border Infrastructure,Gujarat,active,compensation
PRJ-01125,Critical,86,81,116,143,95,131,47,9.5,144,4,53.2,3.1,10651.0,0.0,0.0,79,19,15.4,772,0,1,1,Industrial,Rajasthan,on_hold,encroachment
PRJ-01126,Low,47,55,93,88,102,37,57,3.11,1,0,6.8,1.4,23523.0,16631.0,0.707,500,163,100.0,730,0,1,0,Railway,Uttar Pradesh,completed,encroachment
PRJ-01127,High,71,57,115,110,83,90,48,5.27,86,2,11.2,2.8,123808.0,5287.0,0.0427,431,128,40.5,564,0,1,0,Power Line,Maharashtra,active,compensation
PRJ-01128,Low,92,34,78,93,74,54,34,3.18,13,0,15.8,3.5,1520353.0,1196822.0,0.7872,171,98,83.3,769,0,1,0,Industrial,Gujarat,completed,boundary
PRJ-01129,Medium,97,60,103,83,81,101,75,1.14,86,1,40.2,3.2,2435038.0,2435038.0,1.0,35,2,67.4,727,0,1,1,Power Line,Uttar Pradesh,completed,compensation
PRJ-01130,High,105,69,105,102,104,102,76,1.22,32,4,48.8,4.4,196287.0,0.0,0.0,401,234,79.1,477,0,1,1,Highway,Rajasthan,completed,compensation
PRJ-01131,Medium,77,63,125,69,72,82,50,7.13,71,1,15.6,3.0,102133.0,57807.0,0.566,395,208,80.3,685,0,1,1,Industrial,Telangana,planned,encroachment
PRJ-01132,Critical,110,81,152,107,112,134,70,7.14,206,2,37.3,6.2,145894.0,19871.0,0.1362,99,25,10.8,516,0,0,0,Power Line,Karnataka,on_hold,boundary
PRJ-01133,Low,103,52,109,48,73,41,42,1.67,25,0,7.7,4.8,125076.0,92143.0,0.7367,207,133,79.7,424,0,1,1,Resettlement,Rajasthan,planned,compensation
PRJ-01134,Medium,87,52,140,63,71,99,63,7.95,6,3,17.6,4.5,501693.0,501693.0,1.0,452,288,44.1,675,1,1,1,Resettlement,Andhra Pradesh,planned,legal_challenge
PRJ-01135,Low,44,41,108,123,70,96,44,3.4,3,0,49.4,0.7,33850.0,24738.0,0.7308,404,36,84.0,481,1,1,1,Resettlement,Telangana,planned,title_dispute
PRJ-01136,High,106,69,158,138,81,76,51,8.02,63,0,7.2,0.7,1028954.0,603173.0,0.5862,397,217,27.6,541,1,1,0,Railway,Karnataka,completed,legal_challenge
PRJ-01137,Medium,64,38,131,126,39,65,51,9.41,53,0,41.9,2.1,62635.0,42141.0,0.6728,237,100,63.5,754,0,1,0,Power Line,Tamil Nadu,on_hold,none
PRJ-01138,High,97,58,143,92,94,138,53,5.84,124,0,50.0,6.0,88362.0,37837.0,0.4282,9,1,37.9,618,1,1,0,Railway,Uttar Pradesh,on_hold,none
PRJ-01139,High,93,58,151,116,68,41,46,1.94,195,3,48.6,1.0,1221673.0,24311.0,0.0199,462,325,35.7,695,1,0,0,Railway,West Bengal,completed,title_dispute
PRJ-01140,Low,81,43,131,56,82,53,45,2.64,8,0,57.2,1.9,169906.0,169906.0,1.0,404,41,98.0,578,0,1,1,Resettlement,Gujarat,active,none
PRJ-01141,Medium,42,41,116,69,64,67,51,5.93,65,1,59.9,5.6,41963.0,31556.0,0.752,124,92,67.0,511,0,0,0,Industrial,West Bengal,active,compensation
PRJ-01142,Medium,79,49,97,116,98,70,55,6.62,47,2,49.8,3.8,411015.0,256720.0,0.6246,30,10,82.9,604,0,1,1,Highway,Madhya Pradesh,completed,none
PRJ-01143,Medium,95,42,146,76,82,47,63,2.27,149,4,16.8,5.4,665689.0,422047.0,0.634,67,8,64.2,507,1,1,1,Highway,Telangana,planned,compensation
PRJ-01144,Medium,44,83,112,73,56,115,43,2.66,8,1,46.8,3.4,351414.0,237064.0,0.6746,189,72,99.7,660,0,1,1,Resettlement,Telangana,on_hold,encroachment
PRJ-01145,Critical,109,64,162,51,95,145,88,3.1,49,4,8.5,1.5,950910.0,45073.0,0.0474,189,142,13.8,433,0,1,1,Border Infrastructure,Maharashtra,completed,encroachment
PRJ-01146,Low,44,42,78,74,96,104,46,3.55,2,0,18.9,5.8,27318.0,27318.0,1.0,28,3,90.4,527,0,1,0,Power Line,Karnataka,completed,encroachment
PRJ-01147,Low,97,49,61,58,37,61,63,0.95,6,0,35.6,0.7,549020.0,321287.0,0.5852,195,96,100.0,480,0,1,0,Power Line,Tamil Nadu,completed,none
PRJ-01148,High,75,63,148,84,111,115,84,4.03,49,1,6.3,3.0,126862.0,25246.0,0.199,20,7,28.2,556,0,1,0,Power Line,Tamil Nadu,active,boundary
PRJ-01149,Medium,82,50,156,97,64,75,76,17.45,79,0,27.9,2.9,1561803.0,655801.0,0.4199,381,265,74.8,608,1,1,1,Resettlement,Telangana,planned,none
PRJ-01150,Low,81,77,142,56,54,100,53,8.34,17,0,34.5,3.7,4293.0,4293.0,1.0,52,17,100.0,433,0,1,0,Power Line,Telangana,active,compensation
PRJ-01151,High,74,79,103,54,65,85,58,1.85,0,3,42.2,3.6,27717.0,12675.0,0.4573,248,93,36.2,531,1,0,0,Border Infrastructure,Andhra Pradesh,active,legal_challenge
PRJ-01152,High,80,63,92,92,69,86,60,3.42,143,1,8.5,1.6,72410.0,20478.0,0.2828,69,12,49.9,466,0,0,0,Railway,West Bengal,planned,encroachment
PRJ-01153,High,82,49,110,55,86,131,73,1.62,47,2,23.9,2.3,148618.0,52730.0,0.3548,120,24,0.0,773,0,0,0,Power Line,Karnataka,completed,boundary
PRJ-01154,Medium,85,46,163,49,43,87,64,4.14,62,0,6.4,4.0,12277.0,8192.0,0.6673,301,177,56.1,417,0,1,0,Railway,Telangana,on_hold,compensation
PRJ-01155,High,76,70,136,71,62,77,50,11.18,76,1,27.5,7.4,155912.0,68383.0,0.4386,208,53,28.9,692,0,1,1,Industrial,Gujarat,planned,compensation
PRJ-01156,Medium,91,44,166,139,103,87,50,1.15,60,3,16.3,5.9,222309.0,96927.0,0.436,230,21,57.4,543,0,1,1,Border Infrastructure,Telangana,completed,compensation
PRJ-01157,High,111,37,140,122,100,49,81,4.93,179,0,31.5,6.6,1309037.0,733846.0,0.5606,347,237,9.7,790,0,0,1,Resettlement,Tamil Nadu,on_hold,encroachment
PRJ-01158,Low,40,37,75,39,63,99,54,18.76,14,0,23.7,2.7,36463.0,32102.0,0.8804,429,38,84.9,681,1,1,1,Border Infrastructure,West Bengal,planned,legal_challenge
PRJ-01159,High,105,64,142,104,77,107,73,2.6,23,4,17.3,1.3,541138.0,246975.0,0.4564,98,31,61.8,661,0,1,1,Resettlement,West Bengal,completed,encroachment
PRJ-01160,High,86,78,132,115,52,73,62,6.86,200,1,58.4,2.6,156263.0,88789.0,0.5682,293,201,13.1,668,1,0,1,Highway,Gujarat,active,title_dispute
PRJ-01161,Critical,41,52,166,123,82,112,85,1.6,256,1,11.6,5.2,285702.0,73768.0,0.2582,196,24,5.2,748,1,0,1,Resettlement,Andhra Pradesh,active,title_dispute
PRJ-01162,Critical,97,78,132,49,114,143,86,9.02,293,5,38.0,3.0,143935.0,0.0,0.0,444,71,0.0,425,1,1,0,Industrial,Telangana,active,legal_challenge
PRJ-01163,Medium,43,44,96,114,45,74,34,9.39,32,1,40.5,4.2,42633.0,22327.0,0.5237,5,0,36.1,762,0,1,0,Border Infrastructure,Rajasthan,completed,encroachment
PRJ-01164,High,69,51,149,106,66,88,84,26.22,53,1,25.7,0.9,13649.0,2874.0,0.2106,251,165,27.0,791,0,1,0,Railway,Telangana,planned,none
PRJ-01165,Medium,71,46,118,48,66,88,61,1.12,75,2,33.8,2.4,75204.0,36737.0,0.4885,41,7,38.6,541,1,1,0,Industrial,Uttar Pradesh,completed,encroachment
PRJ-01166,Medium,93,84,130,79,61,98,83,9.1,152,1,23.1,2.9,269290.0,134753.0,0.5004,394,103,78.1,726,1,1,1,Power Line,Telangana,active,compensation
PRJ-01167,Medium,73,75,119,70,69,87,42,3.04,27,3,27.3,2.1,136833.0,54802.0,0.4005,385,187,67.6,478,1,0,0,Border Infrastructure,Telangana,active,title_dispute
PRJ-01168,High,115,68,169,108,86,103,61,0.66,108,0,7.0,4.7,99836.0,0.0,0.0,325,121,7.6,699,1,1,1,Resettlement,West Bengal,planned,encroachment
PRJ-01169,Low,54,48,143,74,48,92,50,5.56,31,0,55.1,2.4,1084296.0,1084296.0,1.0,128,89,86.7,740,1,1,1,Resettlement,Madhya Pradesh,active,legal_challenge
PRJ-01170,Low,51,40,150,102,68,44,37,5.45,15,0,11.4,0.8,90529.0,90384.0,0.9984,468,94,79.4,660,1,1,0,Border Infrastructure,Uttar Pradesh,planned,title_dispute
PRJ-01171,Low,72,37,99,96,44,109,34,6.87,25,0,22.3,3.2,34917.0,34917.0,1.0,304,120,90.8,702,0,1,1,Resettlement,Rajasthan,planned,none
PRJ-01172,High,33,52,123,66,101,100,59,3.8,176,3,35.7,5.8,95462.0,9508.0,0.0996,26,12,45.1,702,1,1,0,Railway,Madhya Pradesh,completed,legal_challenge
PRJ-01173,Critical,90,57,173,57,112,114,76,7.57,117,4,59.6,0.6,167484.0,0.0,0.0,302,162,0.0,709,0,1,0,Railway,Karnataka,planned,none
PRJ-01174,High,69,56,141,99,43,122,54,5.16,153,0,17.3,0.9,192522.0,74294.0,0.3859,486,155,53.4,721,0,1,0,Power Line,West Bengal,completed,encroachment
PRJ-01175,High,81,62,154,109,67,93,61,24.61,105,0,36.0,3.0,171727.0,56979.0,0.3318,154,113,43.2,414,0,1,1,Railway,Gujarat,active,none
PRJ-01176,Medium,103,50,104,95,87,86,74,5.37,10,2,27.0,3.4,355726.0,139445.0,0.392,239,133,43.3,725,0,1,1,Resettlement,West Bengal,active,boundary
PRJ-01177,Medium,89,42,95,84,91,59,58,8.04,71,0,56.5,4.3,2912406.0,2912406.0,1.0,437,174,58.7,445,1,1,0,Railway,Gujarat,on_hold,title_dispute
PRJ-01178,High,101,78,145,84,113,125,57,6.94,42,5,53.8,1.7,19276.0,7038.0,0.3651,165,82,21.5,727,1,1,1,Resettlement,Gujarat,on_hold,none
PRJ-01179,Medium,37,41,101,57,44,91,69,7.95,75,1,41.6,4.1,66924.0,51491.0,0.7694,391,49,84.5,486,0,0,0,Power Line,Rajasthan,completed,boundary
PRJ-01180,Medium,77,83,135,130,67,80,74,8.48,109,0,23.5,1.3,101851.0,54195.0,0.5321,106,7,43.0,764,1,1,0,Power Line,Andhra Pradesh,on_hold,legal_challenge
PRJ-01181,Medium,58,51,82,119,58,65,76,3.33,61,2,47.3,1.7,372467.0,158187.0,0.4247,73,53,63.7,453,1,1,1,Resettlement,Uttar Pradesh,active,title_dispute
PRJ-01182,Critical,111,63,140,108,109,113,83,7.51,225,0,9.1,2.4,35827.0,0.0,0.0,130,56,0.0,741,0,0,1,Railway,Rajasthan,planned,boundary
PRJ-01183,High,87,70,94,133,72,111,64,6.91,71,1,50.0,3.6,376545.0,197046.0,0.5233,11,2,28.1,410,0,1,1,Industrial,Gujarat,active,encroachment
PRJ-01184,Medium,48,33,87,52,63,53,63,8.51,49,1,36.8,1.6,1289319.0,665675.0,0.5163,326,150,84.4,598,0,1,0,Railway,Andhra Pradesh,active,encroachment
PRJ-01185,Critical,93,68,146,114,114,114,82,2.69,108,4,30.9,0.3,13250.0,0.0,0.0,281,80,29.4,754,1,1,0,Border Infrastructure,Rajasthan,on_hold,boundary
PRJ-01186,Critical,80,76,103,89,48,62,59,2.99,254,6,29.0,3.6,720832.0,0.0,0.0,279,69,0.0,709,1,0,0,Railway,Gujarat,active,none
PRJ-01187,High,115,75,122,104,86,70,50,9.02,15,4,5.5,2.6,57390.0,20098.0,0.3502,321,112,45.0,702,0,1,1,Industrial,Andhra Pradesh,completed,boundary
PRJ-01188,Medium,70,61,81,60,82,89,46,8.95,172,0,5.9,3.0,29882.0,20580.0,0.6887,37,20,30.8,433,0,1,1,Border Infrastructure,Andhra Pradesh,planned,boundary
PRJ-01189,High,78,54,132,120,99,124,59,2.73,47,4,45.6,3.6,106364.0,12689.0,0.1193,115,60,37.8,558,0,1,1,Power Line,Maharashtra,completed,encroachment
PRJ-01190,High,112,71,102,45,99,59,49,20.38,266,3,42.8,3.7,33764.0,15508.0,0.4593,446,2,40.8,712,1,1,0,Railway,Telangana,completed,compensation
PRJ-01191,Medium,57,58,119,99,116,44,39,5.1,33,1,12.5,2.6,8581.0,5451.0,0.6352,132,103,74.2,796,1,1,1,Railway,Karnataka,planned,legal_challenge
PRJ-01192,Low,100,53,74,47,111,91,34,2.53,5,0,21.9,6.3,31247.0,25594.0,0.8191,489,157,88.1,758,1,1,1,Highway,Tamil Nadu,completed,title_dispute
PRJ-01193,Medium,64,78,106,79,72,92,70,5.6,83,0,46.7,1.6,243552.0,126939.0,0.5212,54,13,52.3,490,1,1,0,Border Infrastructure,Uttar Pradesh,completed,title_dispute
PRJ-01194,Medium,81,65,91,42,66,90,64,6.34,46,2,11.1,4.9,487924.0,335253.0,0.6871,336,170,72.9,573,0,0,1,Highway,Madhya Pradesh,active,boundary
PRJ-01195,Low,44,77,93,41,37,80,46,5.46,11,0,49.0,1.6,36600.0,28317.0,0.7737,91,0,69.9,670,1,0,1,Highway,Rajasthan,planned,legal_challenge
PRJ-01196,Critical,103,63,71,93,86,137,83,3.09,232,4,14.0,3.6,234630.0,0.0,0.0,444,24,7.4,488,1,1,1,Border Infrastructure,West Bengal,on_hold,none
PRJ-01197,Critical,91,87,100,99,113,137,65,2.92,280,4,44.2,3.2,20255175.0,6593059.0,0.3255,298,42,35.2,625,1,1,1,Resettlement,Gujarat,planned,title_dispute
PRJ-01198,Low,67,31,100,74,41,44,39,8.33,0,0,51.5,4.7,278798.0,256578.0,0.9203,459,351,90.8,461,0,1,1,Railway,Tamil Nadu,active,encroachment
PRJ-01199,Medium,107,54,109,67,92,75,54,1.34,26,3,27.6,0.3,326574.0,160903.0,0.4927,103,49,47.0,713,1,1,0,Power Line,West Bengal,active,legal_challenge
PRJ-01200,High,55,47,164,120,84,125,86,15.28,22,3,46.5,4.3,61486.0,15390.0,0.2503,131,38,21.2,522,0,1,0,Border Infrastructure,Andhra Pradesh,completed,none
PRJ-01201,Critical,78,85,150,108,113,133,68,3.83,273,0,17.7,3.9,3921457.0,779978.0,0.1989,439,182,8.9,739,0,1,1,Resettlement,Maharashtra,planned,encroachment
PRJ-01202,High,61,68,131,103,69,106,75,1.52,92,3,42.5,3.8,48375.0,11421.0,0.2361,74,26,58.6,501,1,1,0,Railway,Telangana,completed,legal_challenge
PRJ-01203,Medium,45,74,123,78,66,75,58,7.17,123,0,47.5,0.4,10037.0,9199.0,0.9165,169,75,63.3,712,0,1,0,Border Infrastructure,Uttar Pradesh,completed,none
PRJ-01204,High,67,77,147,136,63,124,45,16.98,79,0,26.4,5.7,124580.0,29314.0,0.2353,162,115,21.8,782,1,1,0,Power Line,Rajasthan,planned,legal_challenge
PRJ-01205,Low,83,35,108,32,85,87,49,3.11,4,0,34.1,2.8,193825.0,177059.0,0.9135,101,28,100.0,675,1,1,0,Power Line,West Bengal,planned,legal_challenge
PRJ-01206,Medium,83,65,69,73,37,144,42,14.22,132,0,16.1,4.2,275477.0,119667.0,0.4344,471,80,52.8,634,1,1,0,Power Line,Uttar Pradesh,active,legal_challenge
PRJ-01207,Medium,66,48,149,112,62,64,46,5.82,67,0,49.3,0.6,20710.0,17144.0,0.8278,28,20,100.0,505,0,1,1,Highway,West Bengal,active,encroachment
PRJ-01208,High,87,59,164,62,105,96,81,2.96,137,1,50.7,2.0,966328.0,357058.0,0.3695,204,134,37.6,590,1,1,1,Highway,Rajasthan,active,title_dispute
PRJ-01209,High,92,65,107,127,39,86,70,3.28,190,2,8.6,2.5,351470.0,61472.0,0.1749,456,336,27.4,748,0,1,1,Highway,Uttar Pradesh,active,compensation
PRJ-01210,High,40,56,126,74,52,114,79,5.11,146,4,7.9,3.2,53807.0,26145.0,0.4859,198,44,47.3,497,0,1,0,Industrial,Rajasthan,on_hold,encroachment
PRJ-01211,High,67,80,101,128,70,65,75,6.9,75,0,43.0,2.6,126647.0,31864.0,0.2516,331,30,17.2,481,0,1,1,Highway,Uttar Pradesh,completed,compensation
PRJ-01212,Critical,97,70,111,73,60,138,40,5.2,123,5,9.4,1.6,1093008.0,0.0,0.0,150,64,6.4,545,0,0,0,Railway,Tamil Nadu,on_hold,compensation
PRJ-01213,High,86,79,154,107,106,68,82,6.55,86,1,50.0,3.2,2742276.0,0.0,0.0,270,215,22.1,640,1,1,1,Industrial,Uttar Pradesh,planned,legal_challenge
PRJ-01214,High,82,57,96,89,103,94,75,3.56,25,2,11.3,0.6,1736713.0,802535.0,0.4621,228,112,22.6,624,0,1,0,Border Infrastructure,Maharashtra,active,none
PRJ-01215,Medium,51,34,121,45,109,88,53,19.3,92,0,10.0,0.9,165389.0,111505.0,0.6742,490,59,83.5,528,1,1,1,Industrial,Andhra Pradesh,active,title_dispute
PRJ-01216,Medium,53,60,77,90,72,94,74,19.03,56,3,51.8,2.7,153653.0,133740.0,0.8704,37,6,53.4,721,0,1,1,Power Line,Gujarat,planned,encroachment
PRJ-01217,Medium,71,67,156,55,97,112,54,9.66,150,1,24.5,1.4,2946012.0,1993566.0,0.6767,78,34,53.9,562,1,0,1,Highway,Madhya Pradesh,active,legal_challenge
PRJ-01218,High,102,66,161,125,95,117,46,3.18,118,3,19.9,0.7,86648.0,28074.0,0.324,24,2,45.4,453,1,1,1,Border Infrastructure,Karnataka,planned,legal_challenge
PRJ-01219,High,66,75,91,103,37,139,75,13.24,46,2,13.7,1.6,32706.0,11872.0,0.363,395,198,17.7,688,0,0,0,Railway,Maharashtra,planned,encroachment
PRJ-01220,High,87,70,133,88,103,58,63,0.76,135,4,47.7,3.2,27265.0,4722.0,0.1732,471,281,33.0,749,0,0,0,Railway,Madhya Pradesh,completed,boundary
PRJ-01221,High,65,79,138,76,70,69,83,5.74,98,1,33.5,1.7,1062551.0,360205.0,0.339,78,17,52.2,774,0,1,0,Border Infrastructure,Madhya Pradesh,active,encroachment
PRJ-01222,High,74,66,160,125,80,129,41,5.46,58,0,48.0,2.4,10321568.0,4631288.0,0.4487,240,78,4.6,677,0,1,1,Resettlement,Tamil Nadu,planned,encroachment
PRJ-01223,Critical,106,66,142,123,113,127,42,2.97,202,5,51.1,2.4,8082.0,0.0,0.0,240,140,0.0,627,0,1,1,Power Line,Tamil Nadu,on_hold,compensation
PRJ-01224,Low,43,34,90,67,66,60,83,7.78,21,0,21.0,1.4,1748590.0,1500465.0,0.8581,490,342,70.7,737,0,1,1,Industrial,Uttar Pradesh,active,compensation
PRJ-01225,Medium,37,71,136,48,64,130,53,1.75,94,0,33.9,4.9,1309266.0,679771.0,0.5192,282,147,87.6,553,0,1,1,Resettlement,Uttar Pradesh,on_hold,compensation
PRJ-01226,Low,34,53,166,76,47,38,47,23.78,61,0,34.6,3.0,45071.0,41884.0,0.9293,342,105,70.6,664,0,1,1,Border Infrastructure,Telangana,planned,compensation
PRJ-01227,Critical,114,73,81,144,104,106,76,1.71,342,1,53.8,0.3,83596.0,0.0,0.0,333,107,0.9,800,0,0,1,Border Infrastructure,Gujarat,active,boundary
PRJ-01228,Medium,73,57,81,86,117,126,31,2.83,98,2,8.5,4.1,8033.0,4155.0,0.5172,381,191,80.6,418,0,1,1,Power Line,Gujarat,active,encroachment
PRJ-01229,Medium,58,48,100,148,84,134,62,1.15,57,0,31.9,0.9,1111938.0,879432.0,0.7909,385,46,74.7,509,0,0,1,Highway,Maharashtra,on_hold,none
PRJ-01230,Medium,64,61,76,83,41,41,59,10.51,30,1,54.3,1.4,2362545.0,2111170.0,0.8936,160,12,90.3,687,0,1,1,Resettlement,Telangana,completed,encroachment
PRJ-01231,High,91,85,142,146,91,68,69,6.04,190,1,43.1,1.1,40747.0,12143.0,0.298,292,129,18.8,640,1,1,1,Border Infrastructure,Tamil Nadu,planned,legal_challenge
PRJ-01232,Low,103,37,102,75,96,80,37,21.08,1,0,43.5,1.3,628058.0,383304.0,0.6103,455,138,93.9,594,0,1,1,Highway,Gujarat,active,encroachment
PRJ-01233,High,98,60,137,104,68,75,56,6.11,54,4,18.9,4.5,105762.0,50163.0,0.4743,462,7,43.9,651,0,1,0,Power Line,Telangana,on_hold,encroachment
PRJ-01234,Low,78,48,77,100,58,42,60,3.99,20,0,54.7,1.8,36826.0,26574.0,0.7216,474,56,96.4,742,0,1,1,Resettlement,Karnataka,planned,compensation
PRJ-01235,High,78,43,141,120,52,117,71,12.87,152,0,5.0,0.5,623392.0,387251.0,0.6212,323,230,42.6,613,0,1,1,Power Line,Rajasthan,planned,boundary
PRJ-01236,Medium,73,74,115,58,98,94,62,1.34,27,0,39.7,2.1,348528.0,254600.0,0.7305,337,64,76.5,556,0,1,1,Resettlement,Andhra Pradesh,planned,encroachment
PRJ-01237,Critical,74,76,177,148,101,142,56,3.6,334,6,28.1,3.9,525590.0,0.0,0.0,342,21,11.9,682,1,0,1,Highway,West Bengal,on_hold,title_dispute
PRJ-01238,Medium,66,64,125,75,65,73,47,20.72,91,2,45.8,1.3,63642.0,57863.0,0.9092,203,5,60.2,744,0,1,1,Highway,Telangana,planned,boundary
PRJ-01239,High,90,64,141,130,86,120,85,7.31,47,3,7.1,3.8,256421.0,48797.0,0.1903,373,78,52.5,498,0,0,0,Railway,West Bengal,completed,encroachment
PRJ-01240,High,89,80,121,65,91,112,80,17.37,9,1,59.2,3.7,2552305.0,941035.0,0.3687,417,254,0.0,524,1,0,1,Power Line,Karnataka,on_hold,legal_challenge
PRJ-01241,High,101,74,154,103,101,72,52,3.86,3,0,55.4,1.0,41336.0,21073.0,0.5098,382,246,0.0,716,1,1,0,Railway,Tamil Nadu,active,none
PRJ-01242,Low,57,45,79,86,74,53,63,3.01,6,0,52.3,2.1,11822.0,9546.0,0.8075,365,40,100.0,781,1,1,1,Power Line,Madhya Pradesh,on_hold,title_dispute
PRJ-01243,Low,94,57,107,63,51,85,50,4.42,5,0,33.1,4.4,1306568.0,1074522.0,0.8224,203,52,92.3,671,1,1,1,Highway,Karnataka,completed,title_dispute
PRJ-01244,High,88,69,145,86,43,121,48,3.21,169,2,25.6,1.5,259474.0,108849.0,0.4195,379,205,26.6,431,1,1,0,Power Line,Gujarat,completed,legal_challenge
PRJ-01245,Medium,57,65,150,132,93,58,79,6.3,39,0,5.8,2.6,487912.0,171745.0,0.352,363,36,85.9,789,0,1,1,Industrial,Karnataka,active,boundary
PRJ-01246,High,105,46,130,97,78,90,55,6.47,126,5,55.6,1.7,77822.0,11813.0,0.1518,264,135,19.3,511,1,1,0,Industrial,Gujarat,completed,title_dispute
PRJ-01247,Critical,75,73,159,106,97,125,86,14.98,310,3,36.5,2.2,1758554.0,1281634.0,0.7288,149,89,0.0,433,1,0,1,Railway,Gujarat,planned,title_dispute
PRJ-01248,High,63,81,106,93,59,102,57,1.3,153,0,8.0,4.1,1023582.0,300217.0,0.2933,386,208,35.3,563,0,1,1,Railway,Maharashtra,completed,none
PRJ-01249,Medium,99,52,96,97,92,68,50,8.37,42,1,43.1,3.0,60714.0,53204.0,0.8763,188,111,56.0,645,1,1,1,Power Line,Telangana,planned,legal_challenge
PRJ-01250,High,53,58,132,79,47,56,46,6.5,12,2,8.5,3.5,13903.0,243.0,0.0175,214,79,38.3,636,0,1,1,Resettlement,Madhya Pradesh,active,compensation
PRJ-01251,Medium,43,61,141,123,38,93,61,1.41,30,0,47.3,4.1,5719.0,2761.0,0.4828,491,9,68.4,471,0,1,0,Border Infrastructure,Uttar Pradesh,completed,encroachment
PRJ-01252,Medium,55,75,90,95,97,123,69,6.36,146,0,20.2,1.4,462078.0,376039.0,0.8138,82,38,61.4,494,0,0,1,Border Infrastructure,Tamil Nadu,on_hold,none
PRJ-01253,Medium,96,37,159,47,80,102,43,2.26,40,1,46.9,3.4,254686.0,151207.0,0.5937,429,327,77.6,681,0,0,1,Resettlement,Rajasthan,active,none
PRJ-01254,Medium,80,70,112,57,103,89,62,1.12,35,3,59.8,2.4,7362.0,4093.0,0.5559,345,16,71.5,454,1,1,1,Power Line,Telangana,completed,encroachment
PRJ-01255,Critical,109,83,165,129,110,102,49,4.46,103,5,12.0,4.0,60695.0,9031.0,0.1488,256,2,0.0,557,1,1,1,Industrial,Rajasthan,active,legal_challenge
PRJ-01256,Low,48,64,99,91,53,59,67,2.22,8,0,39.5,5.1,165216.0,128802.0,0.7796,149,40,100.0,591,1,1,0,Power Line,Rajasthan,completed,legal_challenge
PRJ-01257,Low,67,36,93,133,39,78,51,22.34,3,0,32.6,4.7,26378.0,18623.0,0.706,131,21,74.1,567,0,1,0,Railway,West Bengal,completed,none
PRJ-01258,High,84,73,114,46,60,100,58,3.3,283,2,55.5,2.8,296656.0,0.0,0.0,466,47,17.9,564,1,1,1,Resettlement,Madhya Pradesh,on_hold,legal_challenge
PRJ-01259,Medium,112,54,124,109,101,107,65,29.06,117,0,10.2,2.0,176309.0,129058.0,0.732,165,67,50.7,448,0,0,1,Industrial,Telangana,active,compensation
PRJ-01260,High,109,81,88,86,109,137,68,1.63,122,0,58.3,1.9,32860.0,3286.0,0.1,235,73,6.7,498,1,1,1,Border Infrastructure,Andhra Pradesh,completed,legal_challenge
PRJ-01261,Low,64,42,105,70,94,35,81,1.96,79,0,7.6,4.1,34919.0,31322.0,0.897,172,49,100.0,717,0,1,1,Resettlement,Tamil Nadu,planned,encroachment
PRJ-01262,Medium,49,63,145,56,101,100,81,9.25,165,1,33.3,5.3,360308.0,254017.0,0.705,426,276,61.8,496,0,1,1,Resettlement,Rajasthan,completed,boundary
PRJ-01263,Critical,89,61,142,111,41,89,43,5.64,237,7,59.8,3.1,677346.0,176787.0,0.261,149,29,0.0,592,1,1,1,Resettlement,Karnataka,planned,title_dispute
PRJ-01264,Low,94,41,79,88,107,94,43,1.02,1,0,51.9,2.0,416507.0,372649.0,0.8947,338,174,86.5,615,0,1,1,Resettlement,Maharashtra,on_hold,compensation
PRJ-01265,Low,66,66,132,60,104,37,63,4.21,35,0,40.6,2.5,286677.0,209160.0,0.7296,60,44,98.6,633,1,1,0,Border Infrastructure,Tamil Nadu,completed,legal_challenge
PRJ-01266,Low,46,47,116,49,72,62,64,4.79,1,0,40.7,1.7,434913.0,275169.0,0.6327,31,21,100.0,682,1,1,1,Resettlement,Madhya Pradesh,active,legal_challenge
PRJ-01267,Low,87,60,90,86,87,131,77,2.36,5,0,11.0,0.6,584952.0,584952.0,1.0,207,29,100.0,713,1,1,1,Resettlement,Tamil Nadu,completed,legal_challenge
PRJ-01268,High,58,54,120,84,112,117,61,3.43,164,0,48.2,4.2,1599262.0,482018.0,0.3014,457,187,20.3,770,0,0,1,Power Line,Maharashtra,on_hold,boundary
PRJ-01269,High,88,41,131,105,83,109,48,7.47,190,1,38.6,3.8,997480.0,410862.0,0.4119,52,31,54.2,582,0,1,0,Industrial,Karnataka,active,none
PRJ-01270,Medium,69,72,141,119,103,81,63,1.24,84,0,28.7,0.6,164289.0,97243.0,0.5919,285,187,56.1,506,1,1,1,Border Infrastructure,Madhya Pradesh,planned,legal_challenge
PRJ-01271,High,77,62,149,101,101,111,65,1.33,183,0,59.1,3.4,643961.0,390176.0,0.6059,31,15,20.0,757,0,0,1,Industrial,Rajasthan,active,none
PRJ-01272,Medium,66,55,116,102,45,103,57,1.69,63,1,27.5,4.4,301558.0,113567.0,0.3766,14,5,67.2,548,1,1,0,Industrial,Gujarat,active,legal_challenge
PRJ-01273,Medium,63,35,146,104,77,82,55,6.23,3,0,58.7,4.7,18479.0,8888.0,0.481,122,56,80.4,403,0,1,0,Railway,Uttar Pradesh,planned,none
PRJ-01274,Low,90,39,116,55,53,123,41,26.98,0,0,23.0,2.9,372223.0,271723.0,0.73,141,62,90.7,661,0,1,0,Industrial,Andhra Pradesh,completed,compensation
PRJ-01275,High,77,49,136,114,69,48,78,7.66,180,0,28.9,0.6,2324.0,75.0,0.0324,338,77,13.1,414,0,1,1,Resettlement,Rajasthan,active,boundary
PRJ-01276,Low,44,43,73,66,109,71,61,8.93,22,0,16.9,3.1,147510.0,145696.0,0.9877,385,287,63.1,505,0,1,0,Border Infrastructure,Andhra Pradesh,active,compensation
PRJ-01277,Medium,68,58,108,73,82,108,74,5.82,153,1,19.0,2.2,644523.0,332961.0,0.5166,295,210,35.1,529,0,0,1,Railway,Gujarat,on_hold,boundary
PRJ-01278,Critical,106,89,163,139,105,140,46,3.93,187,4,55.7,2.7,631187.0,0.0,0.0,239,188,25.4,708,0,1,1,Resettlement,Tamil Nadu,active,encroachment
PRJ-01279,High,92,63,109,85,69,112,83,4.02,108,0,19.0,1.4,11541.0,0.0,0.0,320,27,22.4,400,1,1,0,Railway,Madhya Pradesh,on_hold,title_dispute
PRJ-01280,Medium,83,71,107,53,62,59,57,4.04,129,0,17.2,1.0,83561.0,35020.0,0.4191,54,2,59.9,510,0,1,1,Resettlement,Maharashtra,planned,boundary
PRJ-01281,High,89,67,126,92,102,78,60,11.05,99,0,55.4,1.1,563091.0,233176.0,0.4141,465,44,37.5,472,0,1,1,Highway,West Bengal,on_hold,encroachment
PRJ-01282,Medium,92,68,154,75,33,35,53,1.22,9,0,27.0,4.5,1677822.0,1278836.0,0.7622,376,70,67.5,696,0,1,1,Highway,Gujarat,planned,encroachment
PRJ-01283,High,54,56,97,85,69,111,83,11.83,57,2,42.7,1.0,138799.0,62099.0,0.4474,38,12,28.1,593,1,1,0,Power Line,Maharashtra,completed,none
PRJ-01284,Critical,100,84,143,110,75,92,80,13.75,301,0,29.7,0.4,28463.0,5684.0,0.1997,496,305,0.0,543,1,1,0,Industrial,Uttar Pradesh,planned,legal_challenge
PRJ-01285,Medium,71,64,84,125,72,109,45,8.77,26,0,26.9,4.5,243101.0,143089.0,0.5886,358,128,77.1,400,1,1,1,Resettlement,Gujarat,planned,title_dispute
PRJ-01286,Critical,116,84,152,135,112,89,83,3.34,238,2,35.7,2.0,1024760.0,0.0,0.0,371,251,15.2,424,1,0,1,Railway,Maharashtra,completed,legal_challenge
PRJ-01287,Low,43,56,98,49,52,58,37,15.56,55,0,36.7,3.2,34072.0,34072.0,1.0,376,165,99.7,474,1,1,0,Border Infrastructure,West Bengal,completed,legal_challenge
PRJ-01288,Medium,85,64,85,101,85,142,65,5.08,82,1,52.7,2.3,696466.0,473040.0,0.6792,80,52,58.4,784,0,1,1,Industrial,Uttar Pradesh,completed,boundary
PRJ-01289,Medium,58,66,93,94,58,36,60,2.28,60,2,11.2,3.3,73811.0,65677.0,0.8898,235,141,68.8,748,0,0,1,Highway,Uttar Pradesh,on_hold,compensation
PRJ-01290,Medium,44,52,100,104,63,95,59,5.23,110,0,58.7,1.9,32997.0,13994.0,0.4241,440,281,47.4,471,1,1,0,Power Line,Andhra Pradesh,active,legal_challenge
PRJ-01291,Critical,93,78,144,127,53,141,87,3.69,275,0,39.0,2.0,13060.0,2018.0,0.1545,271,22,0.0,402,1,1,1,Highway,Uttar Pradesh,completed,none
PRJ-01292,High,101,70,106,88,101,92,67,13.86,121,4,40.7,1.4,107382.0,28231.0,0.2629,64,16,12.9,591,1,1,1,Power Line,Tamil Nadu,active,title_dispute
PRJ-01293,Medium,106,60,137,46,48,110,61,1.75,22,1,15.5,7.2,1729811.0,1266914.0,0.7324,332,171,73.5,479,1,1,0,Industrial,Uttar Pradesh,on_hold,title_dispute
PRJ-01294,High,100,75,157,133,55,64,77,1.98,202,1,18.9,3.0,103373.0,4311.0,0.0417,473,27,25.9,556,1,0,1,Power Line,Gujarat,planned,legal_challenge
PRJ-01295,Low,42,49,72,49,58,88,33,7.01,0,0,21.3,1.9,10458.0,10458.0,1.0,66,10,90.1,797,0,1,1,Railway,Gujarat,planned,compensation
PRJ-01296,Medium,58,68,110,64,78,102,43,6.33,143,1,20.2,3.0,91062.0,45249.0,0.4969,180,55,49.2,506,1,1,0,Border Infrastructure,Karnataka,on_hold,title_dispute
PRJ-01297,High,70,41,137,110,78,55,75,3.13,7,3,58.1,4.8,112720.0,11847.0,0.1051,168,47,13.1,530,1,1,0,Power Line,Madhya Pradesh,planned,title_dispute
PRJ-01298,High,106,73,108,106,91,67,59,5.75,218,3,54.8,0.7,8304.0,3535.0,0.4257,490,380,21.9,651,0,1,0,Railway,Uttar Pradesh,planned,encroachment
PRJ-01299,Low,40,51,69,110,40,84,45,5.2,11,0,27.0,1.6,1430068.0,1430068.0,1.0,237,72,100.0,572,1,1,0,Border Infrastructure,Karnataka,on_hold,legal_challenge
PRJ-01300,High,100,83,124,110,53,93,63,14.43,179,2,50.9,5.1,123387.0,34129.0,0.2766,319,104,21.3,405,1,1,1,Resettlement,Maharashtra,on_hold,legal_challenge
PRJ-01301,Medium,83,56,114,98,60,105,45,3.09,114,0,26.8,3.7,44160.0,21669.0,0.4907,242,53,62.2,689,1,1,0,Power Line,Telangana,planned,legal_challenge
PRJ-01302,Medium,96,80,83,93,82,105,65,3.4,45,3,47.4,1.4,56806.0,24529.0,0.4318,155,105,64.2,420,1,1,1,Resettlement,Maharashtra,planned,title_dispute
PRJ-01303,Medium,93,67,84,47,45,131,52,1.38,6,0,15.0,1.4,193393.0,67475.0,0.3489,251,97,63.0,402,1,1,0,Border Infrastructure,West Bengal,planned,title_dispute
PRJ-01304,Medium,57,81,112,99,59,75,49,6.09,31,1,43.7,1.8,739126.0,512880.0,0.6939,122,69,95.4,758,0,1,1,Border Infrastructure,Tamil Nadu,planned,boundary
PRJ-01305,High,103,63,152,64,80,109,52,7.7,177,2,45.7,3.0,814570.0,267179.0,0.328,15,8,85.5,755,0,1,1,Power Line,Tamil Nadu,planned,encroachment
PRJ-01306,High,78,50,102,58,89,124,37,2.2,23,0,8.6,5.5,73905.0,1367.0,0.0185,49,10,20.1,740,1,1,1,Resettlement,Maharashtra,completed,legal_challenge
PRJ-01307,Low,76,54,71,82,58,121,42,1.7,9,0,44.9,1.1,44901.0,43361.0,0.9657,297,44,96.1,500,0,1,1,Railway,Uttar Pradesh,active,compensation
PRJ-01308,Low,52,51,94,85,61,33,57,1.31,39,0,28.2,1.8,138210.0,132004.0,0.9551,291,9,83.9,503,1,1,1,Border Infrastructure,Rajasthan,planned,title_dispute
PRJ-01309,Medium,57,60,112,112,66,88,67,2.44,3,0,28.8,2.6,180666.0,95753.0,0.53,273,145,62.4,699,0,1,1,Highway,Uttar Pradesh,on_hold,none
PRJ-01310,High,75,85,93,133,83,59,80,4.35,76,5,18.9,3.5,101317.0,10740.0,0.106,249,95,23.4,450,1,1,1,Resettlement,Tamil Nadu,active,encroachment
PRJ-01311,Low,90,50,70,75,82,45,35,1.5,33,0,15.3,2.2,214935.0,184780.0,0.8597,445,270,92.6,644,1,1,1,Highway,Andhra Pradesh,active,title_dispute
PRJ-01312,High,84,46,124,133,76,122,54,3.73,132,3,36.4,6.1,78254.0,25033.0,0.3199,485,87,23.1,534,0,1,1,Railway,Karnataka,active,compensation
PRJ-01313,High,110,70,124,142,58,97,69,1.76,128,4,8.1,1.7,222104.0,94483.0,0.4254,235,114,43.5,515,0,0,0,Border Infrastructure,West Bengal,planned,compensation
PRJ-01314,High,67,66,119,65,88,63,50,21.9,88,4,50.0,3.0,843960.0,485277.0,0.575,400,24,47.6,707,1,0,1,Border Infrastructure,Andhra Pradesh,active,compensation
PRJ-01315,Medium,103,50,136,81,66,44,56,4.52,39,1,54.5,3.0,53015.0,26820.0,0.5059,337,217,44.4,574,0,1,1,Power Line,Tamil Nadu,planned,boundary
PRJ-01316,High,88,64,115,62,105,41,32,10.73,266,6,50.5,0.6,110047.0,28040.0,0.2548,477,260,12.5,706,0,1,1,Border Infrastructure,Rajasthan,completed,encroachment
PRJ-01317,High,78,42,140,97,49,118,62,6.58,167,0,55.7,2.4,630844.0,176573.0,0.2799,133,66,53.6,538,0,1,1,Power Line,Karnataka,completed,boundary
PRJ-01318,Critical,76,67,136,112,66,109,72,6.91,95,4,34.2,1.8,63694.0,14879.0,0.2336,270,146,0.0,542,1,1,0,Industrial,West Bengal,active,boundary
PRJ-01319,High,73,79,160,105,92,124,83,6.15,127,5,31.9,0.2,399990.0,170876.0,0.4272,288,73,16.6,636,0,0,0,Industrial,Telangana,on_hold,compensation
PRJ-01320,High,61,77,125,112,47,89,68,4.73,193,2,12.3,2.1,199275.0,85310.0,0.4281,98,69,49.6,654,0,1,0,Power Line,Rajasthan,active,compensation
PRJ-01321,Medium,60,67,85,44,102,33,82,37.07,9,1,45.1,5.8,448561.0,388274.0,0.8656,68,52,65.7,681,0,0,1,Border Infrastructure,Telangana,on_hold,compensation
PRJ-01322,High,47,69,116,123,64,91,66,2.81,82,4,53.3,3.4,48700.0,21038.0,0.432,295,99,35.2,536,1,0,1,Border Infrastructure,Rajasthan,completed,legal_challenge
PRJ-01323,Medium,77,77,102,71,69,77,66,12.41,69,0,50.1,3.4,153066.0,94916.0,0.6201,76,11,83.3,585,0,1,1,Railway,Madhya Pradesh,planned,encroachment
PRJ-01324,Medium,93,60,141,128,88,111,41,7.11,34,0,25.2,5.3,5048.0,2380.0,0.4715,478,284,26.9,616,1,0,1,Resettlement,Karnataka,planned,legal_challenge
PRJ-01325,Medium,72,47,117,119,66,113,76,33.56,107,1,28.4,2.3,51898.0,38332.0,0.7386,150,51,78.5,518,0,1,1,Highway,Telangana,planned,none
PRJ-01326,Medium,53,78,143,66,65,130,82,11.5,42,0,21.6,2.8,74400.0,39707.0,0.5337,395,69,85.8,596,0,1,0,Railway,Rajasthan,on_hold,compensation
PRJ-01327,Low,54,45,167,107,54,117,44,5.13,15,0,26.5,3.9,41640.0,36139.0,0.8679,118,22,93.3,712,0,1,1,Railway,Karnataka,on_hold,encroachment
PRJ-01328,Medium,101,75,93,72,75,80,40,22.78,91,1,9.8,1.0,7358.0,4329.0,0.5883,233,39,66.3,451,1,1,1,Highway,Karnataka,active,title_dispute
PRJ-01329,Low,61,55,63,44,46,60,52,1.96,29,0,52.8,1.0,161221.0,119723.0,0.7426,16,6,100.0,539,0,1,1,Power Line,Uttar Pradesh,completed,encroachment
PRJ-01330,Medium,38,64,128,58,73,125,49,0.83,157,2,49.6,1.0,942926.0,668252.0,0.7087,434,153,49.3,505,0,1,1,Resettlement,Andhra Pradesh,on_hold,none
PRJ-01331,High,93,69,101,102,88,137,62,6.78,83,2,58.9,0.6,89566.0,18280.0,0.2041,165,46,25.1,540,0,0,1,Power Line,Telangana,completed,compensation
PRJ-01332,High,101,80,100,109,76,139,54,4.38,115,0,30.2,1.5,1054723.0,0.0,0.0,236,134,0.0,411,1,1,1,Border Infrastructure,Telangana,planned,title_dispute
PRJ-01333,High,43,74,169,110,102,103,54,7.82,157,0,5.8,1.2,164367.0,55556.0,0.338,228,46,2.2,517,0,1,1,Highway,Uttar Pradesh,completed,encroachment
PRJ-01334,Medium,62,71,71,134,113,82,46,2.82,65,1,17.3,1.7,222417.0,111609.0,0.5018,311,132,100.0,500,0,1,1,Border Infrastructure,Rajasthan,active,compensation
PRJ-01335,High,91,77,102,122,68,131,54,4.32,174,0,56.0,3.8,2605958.0,1251902.0,0.4804,133,8,27.6,530,0,1,1,Highway,Gujarat,active,none
PRJ-01336,Medium,47,62,92,68,96,73,59,1.99,34,3,26.9,2.9,33851.0,9688.0,0.2862,39,7,69.5,447,0,1,1,Resettlement,Uttar Pradesh,active,compensation
PRJ-01337,High,106,85,161,102,107,110,59,8.23,107,0,21.7,2.2,914955.0,149778.0,0.1637,418,321,0.0,708,0,0,1,Resettlement,Tamil Nadu,completed,encroachment
PRJ-01338,Low,41,43,68,56,37,51,41,4.52,29,0,59.7,2.1,670315.0,549055.0,0.8191,394,116,71.3,491,1,1,1,Resettlement,Karnataka,active,legal_challenge
PRJ-01339,High,77,73,127,121,70,122,62,2.83,118,6,30.1,4.7,40290.0,12083.0,0.2999,421,6,0.0,658,0,1,1,Industrial,Tamil Nadu,planned,boundary
PRJ-01340,Critical,91,52,133,101,100,78,80,3.92,161,3,22.9,5.2,16117.0,0.0,0.0,241,47,0.0,489,0,1,1,Industrial,Madhya Pradesh,active,compensation
PRJ-01341,Low,76,53,76,57,46,62,51,9.68,19,0,32.9,1.3,797748.0,506969.0,0.6355,275,175,79.2,746,0,1,1,Highway,Telangana,planned,encroachment
PRJ-01342,Critical,105,84,162,51,109,132,77,11.73,170,5,46.8,2.3,150627.0,5121.0,0.034,389,78,0.0,608,1,0,0,Railway,Uttar Pradesh,completed,title_dispute
PRJ-01343,High,88,73,120,126,49,119,74,8.33,112,2,22.7,1.9,656783.0,38159.0,0.0581,64,30,38.6,611,0,1,1,Highway,Tamil Nadu,active,none
PRJ-01344,High,118,50,166,124,112,74,54,1.81,82,4,5.9,2.7,52951.0,8859.0,0.1673,401,204,12.4,475,0,1,1,Resettlement,Maharashtra,completed,compensation
PRJ-01345,Low,52,48,139,102,61,95,55,3.95,1,0,23.7,2.9,37603.0,37603.0,1.0,467,164,70.6,649,0,1,1,Power Line,Tamil Nadu,on_hold,encroachment
PRJ-01346,Critical,61,75,132,136,87,126,62,8.49,119,1,16.5,6.9,126238.0,0.0,0.0,464,237,5.2,451,0,0,1,Border Infrastructure,Gujarat,active,encroachment
PRJ-01347,High,80,65,141,137,100,61,57,1.83,108,4,19.1,4.4,736009.0,430418.0,0.5848,287,109,39.3,645,1,1,1,Power Line,Uttar Pradesh,completed,none
PRJ-01348,Medium,92,51,90,54,47,44,66,3.6,53,1,9.8,2.6,447323.0,224332.0,0.5015,143,6,61.4,660,0,1,1,Industrial,Andhra Pradesh,planned,none
PRJ-01349,High,67,73,168,85,44,48,71,2.63,90,3,35.4,2.8,134565.0,90549.0,0.6729,31,19,38.9,699,1,1,1,Resettlement,Uttar Pradesh,completed,boundary
PRJ-01350,Critical,86,71,105,115,83,113,55,0.94,225,6,28.9,3.5,187623.0,32121.0,0.1712,39,31,0.0,478,1,1,1,Border Infrastructure,Madhya Pradesh,planned,title_dispute
PRJ-01351,Medium,71,42,132,57,110,80,68,5.66,14,0,9.0,5.6,22673.0,15826.0,0.698,320,98,62.1,601,0,0,1,Power Line,Madhya Pradesh,on_hold,compensation
PRJ-01352,Low,52,42,97,53,104,50,74,11.26,14,1,28.6,1.2,58882.0,46894.0,0.7964,285,129,100.0,507,1,0,1,Industrial,Tamil Nadu,completed,legal_challenge
PRJ-01353,Medium,61,46,75,71,86,37,55,1.72,18,1,53.4,2.2,80113.0,43445.0,0.5423,63,4,92.5,635,0,1,1,Resettlement,Maharashtra,completed,none
PRJ-01354,High,83,58,125,132,52,70,82,3.59,94,2,57.7,2.4,65237.0,31712.0,0.4861,274,34,43.8,749,1,1,0,Border Infrastructure,West Bengal,on_hold,legal_challenge
PRJ-01355,Critical,112,65,124,147,89,96,63,2.56,180,5,15.7,0.1,186463.0,0.0,0.0,144,37,19.4,660,0,1,0,Railway,Rajasthan,active,compensation
PRJ-01356,Low,37,58,69,92,77,82,60,7.53,7,0,9.8,1.4,354522.0,316978.0,0.8941,119,80,88.6,512,0,1,0,Railway,Maharashtra,on_hold,boundary
PRJ-01357,High,49,71,89,73,69,119,50,2.22,158,3,51.6,3.1,47715.0,22722.0,0.4762,158,10,12.4,483,0,1,0,Power Line,Karnataka,on_hold,encroachment
PRJ-01358,High,85,57,132,125,100,107,83,7.49,63,4,19.5,5.3,14857.0,6818.0,0.4589,247,193,29.8,570,0,0,1,Highway,West Bengal,completed,encroachment
PRJ-01359,High,81,31,133,111,64,92,82,7.29,121,3,21.4,2.2,15550.0,9091.0,0.5846,439,82,61.1,524,0,0,1,Border Infrastructure,Gujarat,completed,encroachment
PRJ-01360,Low,65,37,111,64,33,72,84,14.59,4,0,24.2,1.6,1322846.0,1314248.0,0.9935,81,35,100.0,652,0,1,0,Railway,West Bengal,completed,none
PRJ-01361,Low,95,49,84,50,56,91,35,17.61,12,0,12.1,3.9,1426478.0,1319777.0,0.9252,436,127,94.9,751,0,1,1,Highway,Tamil Nadu,planned,encroachment
PRJ-01362,High,56,85,125,148,115,130,38,1.06,150,0,34.9,1.7,4444502.0,23111.0,0.0052,24,19,13.0,442,0,1,1,Highway,Telangana,planned,compensation
PRJ-01363,Low,87,69,101,58,68,65,35,7.7,32,0,25.8,3.4,67656.0,67656.0,1.0,320,214,100.0,436,0,1,1,Industrial,Gujarat,completed,encroachment
PRJ-01364,High,87,42,167,124,60,142,75,2.42,204,0,31.0,1.3,4043200.0,2379423.0,0.5885,259,125,28.1,752,1,0,1,Resettlement,Telangana,active,title_dispute
PRJ-01365,High,60,75,123,95,55,117,78,7.42,109,2,47.6,2.1,333881.0,112384.0,0.3366,492,200,35.5,550,1,1,1,Resettlement,Uttar Pradesh,active,title_dispute
PRJ-01366,High,42,51,121,70,62,91,83,9.9,71,1,47.0,3.2,4245.0,684.0,0.1611,241,28,24.7,479,1,0,0,Border Infrastructure,Uttar Pradesh,active,boundary
PRJ-01367,Medium,62,51,125,61,75,78,79,1.51,5,0,26.2,3.5,204322.0,135302.0,0.6622,399,106,73.6,563,0,1,1,Highway,Tamil Nadu,completed,compensation
PRJ-01368,High,87,79,126,142,86,69,51,1.02,229,5,44.4,3.2,108848.0,71535.0,0.6572,378,177,25.6,763,1,0,1,Border Infrastructure,Uttar Pradesh,planned,title_dispute
PRJ-01369,Medium,55,36,110,82,39,66,48,2.6,6,0,23.4,0.3,289480.0,170996.0,0.5907,21,14,51.8,529,0,1,1,Resettlement,Maharashtra,active,encroachment
PRJ-01370,High,101,71,137,121,104,142,74,4.69,198,1,53.1,2.7,1953085.0,352141.0,0.1803,422,110,39.9,762,1,1,1,Power Line,Madhya Pradesh,completed,title_dispute
PRJ-01371,High,88,66,120,99,79,119,49,2.18,73,3,10.1,1.9,1238067.0,59056.0,0.0477,217,16,18.1,571,1,1,1,Power Line,Telangana,active,none
PRJ-01372,High,48,71,110,87,63,119,71,7.47,153,0,38.7,0.8,985558.0,385945.0,0.3916,399,2,42.3,584,0,1,1,Border Infrastructure,Telangana,on_hold,compensation
PRJ-01373,Medium,59,59,100,125,47,88,55,2.45,15,1,14.5,2.4,368512.0,184035.0,0.4994,353,186,97.9,777,1,1,1,Highway,Maharashtra,completed,legal_challenge
PRJ-01374,Critical,106,84,115,125,47,61,80,4.93,311,2,6.3,4.1,280185.0,11880.0,0.0424,227,139,9.6,774,1,1,1,Railway,Rajasthan,completed,legal_challenge
PRJ-01375,Critical,73,37,159,87,113,111,73,16.82,232,0,46.5,2.5,727492.0,185219.0,0.2546,150,39,0.0,608,1,1,0,Railway,Telangana,on_hold,legal_challenge
PRJ-01376,Critical,36,51,136,73,111,132,45,2.96,284,2,18.7,2.9,147540.0,22898.0,0.1552,477,120,21.0,702,1,0,0,Border Infrastructure,Karnataka,completed,encroachment
PRJ-01377,Medium,55,67,109,103,54,77,56,2.37,71,0,56.9,3.0,336393.0,335720.0,0.998,25,4,62.7,630,0,0,1,Industrial,Maharashtra,on_hold,encroachment
PRJ-01378,High,96,67,99,97,72,63,61,2.79,164,2,20.5,3.5,17322.0,6541.0,0.3776,398,191,45.9,426,0,1,1,Resettlement,Karnataka,completed,none
PRJ-01379,Critical,104,66,102,65,75,129,63,3.53,170,6,13.8,7.3,982203.0,334931.0,0.341,376,98,0.0,679,0,0,1,Power Line,Andhra Pradesh,on_hold,none
PRJ-01380,Low,58,43,115,73,34,79,56,11.67,1,0,25.4,5.7,515866.0,485946.0,0.942,91,47,86.5,743,0,1,1,Power Line,West Bengal,active,encroachment
PRJ-01381,Medium,60,71,155,61,92,63,81,2.29,85,2,37.9,2.5,184902.0,138510.0,0.7491,332,18,53.8,479,0,1,1,Resettlement,Tamil Nadu,planned,boundary
PRJ-01382,Critical,113,78,169,145,61,66,82,7.82,55,6,52.6,0.3,145916.0,0.0,0.0,177,17,2.2,792,0,1,0,Industrial,Maharashtra,planned,boundary
PRJ-01383,Medium,104,70,156,107,61,108,76,1.35,16,1,57.1,0.9,152737.0,114217.0,0.7478,95,29,62.7,496,0,1,1,Power Line,Madhya Pradesh,on_hold,none
PRJ-01384,Low,71,33,83,66,69,49,63,11.31,11,1,25.0,0.7,347475.0,310191.0,0.8927,422,232,95.4,499,0,1,1,Highway,Telangana,planned,compensation
PRJ-01385,High,73,67,81,76,82,127,66,11.96,175,0,37.2,1.6,70271.0,0.0,0.0,418,171,10.6,606,1,0,1,Highway,West Bengal,on_hold,encroachment
PRJ-01386,Medium,60,57,146,63,89,47,35,1.33,76,1,32.7,3.0,34371.0,34003.0,0.9893,290,178,78.4,598,1,1,1,Railway,Madhya Pradesh,planned,title_dispute
PRJ-01387,Low,83,43,105,112,78,42,59,2.81,0,0,32.6,1.5,22864049.0,16162596.0,0.7069,345,257,70.0,732,0,1,1,Highway,Maharashtra,completed,compensation
PRJ-01388,Low,61,51,155,83,48,73,55,0.85,6,1,40.2,0.9,58768.0,49571.0,0.8435,292,178,78.7,703,0,1,1,Resettlement,Maharashtra,completed,none
PRJ-01389,High,103,48,82,95,60,131,34,10.5,9,3,27.7,1.9,21159.0,7899.0,0.3733,130,32,56.2,617,0,1,1,Power Line,Andhra Pradesh,on_hold,none
PRJ-01390,Medium,92,36,84,62,70,67,69,4.06,50,0,44.4,3.9,87091.0,57445.0,0.6596,148,40,90.7,610,1,1,0,Power Line,Rajasthan,active,title_dispute
PRJ-01391,High,62,86,126,62,56,108,85,22.59,153,0,36.5,2.0,38532.0,21112.0,0.5479,18,14,33.9,567,1,0,1,Highway,West Bengal,completed,boundary
PRJ-01392,Low,66,41,94,68,72,96,61,0.46,15,0,23.8,2.0,302266.0,299425.0,0.9906,167,118,81.8,493,0,1,1,Railway,Tamil Nadu,planned,boundary
PRJ-01393,High,90,57,94,116,59,115,71,7.89,30,6,49.6,3.7,520618.0,252968.0,0.4859,483,223,48.6,753,1,1,1,Resettlement,Maharashtra,on_hold,legal_challenge
PRJ-01394,High,102,75,161,106,59,114,59,2.9,17,3,26.1,2.7,158792.0,8130.0,0.0512,475,333,7.5,447,0,0,1,Power Line,Andhra Pradesh,on_hold,none
PRJ-01395,Critical,84,84,82,123,108,142,53,1.02,18,6,34.2,3.2,171509.0,0.0,0.0,419,121,18.0,677,1,0,1,Highway,Karnataka,planned,none
PRJ-01396,Medium,71,43,84,47,79,89,55,4.56,55,0,7.2,2.5,41319.0,21866.0,0.5292,327,212,91.5,640,0,1,1,Industrial,Andhra Pradesh,planned,boundary
PRJ-01397,High,92,52,99,57,104,77,59,2.35,94,2,20.4,5.9,32698.0,19262.0,0.5891,257,112,32.0,430,0,1,1,Industrial,Andhra Pradesh,completed,none
PRJ-01398,High,52,38,129,102,68,97,58,3.71,122,2,39.6,4.1,10871.0,2102.0,0.1934,471,217,50.4,537,0,1,1,Resettlement,Andhra Pradesh,on_hold,compensation
PRJ-01399,High,59,54,104,113,79,111,61,12.35,164,0,53.9,1.8,229584.0,149321.0,0.6504,63,20,23.4,497,0,1,0,Power Line,Karnataka,completed,boundary
PRJ-01400,High,104,41,137,91,77,128,77,1.59,83,2,37.9,4.4,189720.0,19086.0,0.1006,386,14,44.4,436,0,0,1,Highway,Telangana,active,compensation
PRJ-01401,Low,45,44,63,139,56,31,49,1.62,0,0,52.9,2.8,298614.0,298614.0,1.0,429,238,95.0,611,1,1,1,Resettlement,Gujarat,planned,legal_challenge
PRJ-01402,High,67,78,140,33,75,126,38,6.98,45,3,5.2,3.6,8774.0,3502.0,0.3991,171,133,38.2,593,0,1,1,Border Infrastructure,Gujarat,active,compensation
PRJ-01403,Medium,48,56,123,54,71,89,66,2.83,37,1,17.9,5.8,101334.0,59007.0,0.5823,255,99,62.9,540,0,1,1,Power Line,Gujarat,active,compensation
PRJ-01404,Medium,49,60,66,102,57,59,53,4.37,67,1,47.4,2.6,1760421.0,1187052.0,0.6743,216,19,40.1,547,1,0,1,Highway,Tamil Nadu,planned,title_dispute
PRJ-01405,Medium,78,44,112,92,76,58,37,6.16,128,0,48.9,1.9,143631.0,27376.0,0.1906,305,110,62.0,555,0,1,0,Industrial,Rajasthan,completed,none
PRJ-01406,Low,42,38,72,89,61,82,70,1.54,17,1,45.7,3.2,9909.0,9286.0,0.9371,468,49,100.0,799,0,1,1,Border Infrastructure,Rajasthan,completed,boundary
PRJ-01407,Medium,52,55,129,62,59,62,68,5.16,50,2,44.9,2.4,194961.0,94693.0,0.4857,135,74,72.1,539,0,1,1,Railway,Andhra Pradesh,active,none
PRJ-01408,High,116,41,173,79,114,57,87,5.44,51,2,16.0,4.9,181351.0,19441.0,0.1072,465,105,0.0,525,1,1,1,Highway,Uttar Pradesh,planned,legal_challenge
PRJ-01409,Medium,81,58,151,82,83,70,51,5.45,134,0,25.7,1.7,192371.0,192371.0,1.0,81,62,91.3,567,1,1,0,Railway,Andhra Pradesh,active,title_dispute
PRJ-01410,Medium,63,64,119,78,92,104,56,3.46,45,0,51.6,2.1,975010.0,329163.0,0.3376,380,93,55.1,791,0,1,1,Railway,Uttar Pradesh,on_hold,none
PRJ-01411,Critical,112,46,87,115,113,108,42,7.54,259,4,17.2,2.5,3574423.0,699157.0,0.1956,54,16,29.9,719,1,0,1,Power Line,Gujarat,completed,title_dispute
PRJ-01412,High,86,79,154,58,65,114,64,5.3,206,3,21.0,2.3,255920.0,0.0,0.0,257,46,38.3,687,1,0,1,Resettlement,Maharashtra,on_hold,encroachment
PRJ-01413,Critical,112,79,143,81,86,123,81,14.2,90,6,57.8,1.8,13151.0,0.0,0.0,216,92,21.8,778,1,1,0,Industrial,Telangana,active,encroachment
PRJ-01414,High,89,65,114,136,52,134,58,25.48,81,3,33.2,5.6,52582.0,0.0,0.0,54,1,2.2,405,0,1,0,Power Line,Madhya Pradesh,active,compensation
PRJ-01415,Medium,53,79,91,107,61,138,51,4.85,41,0,24.3,3.1,291301.0,282824.0,0.9709,52,33,74.5,706,0,1,0,Border Infrastructure,Telangana,active,none
PRJ-01416,Low,61,56,105,77,92,62,41,6.22,59,0,30.1,4.3,117552.0,103352.0,0.8792,479,322,86.5,510,1,1,0,Border Infrastructure,Maharashtra,on_hold,legal_challenge
PRJ-01417,Medium,38,59,157,47,70,120,33,8.81,60,1,39.7,0.4,172817.0,57427.0,0.3323,483,137,49.9,631,1,1,1,Highway,Karnataka,active,legal_challenge
PRJ-01418,High,95,79,152,95,99,127,59,2.09,194,2,20.6,3.5,52302.0,25827.0,0.4938,103,14,41.1,480,1,1,1,Highway,Tamil Nadu,planned,title_dispute
PRJ-01419,High,111,62,162,67,94,114,80,1.79,83,1,5.2,2.3,172920.0,11101.0,0.0642,156,57,35.5,738,0,1,1,Power Line,Maharashtra,active,compensation
PRJ-01420,Medium,104,59,156,102,60,125,63,4.86,152,0,27.8,0.8,374103.0,271374.0,0.7254,431,310,82.6,642,1,1,1,Resettlement,Gujarat,on_hold,title_dispute
PRJ-01421,Low,91,84,132,70,77,106,50,1.56,37,0,48.2,0.2,45998.0,45998.0,1.0,48,29,95.2,508,1,1,1,Resettlement,Tamil Nadu,planned,legal_challenge
PRJ-01422,High,112,53,104,112,78,45,59,5.04,59,2,49.4,1.6,200774.0,0.0,0.0,370,153,29.8,684,0,1,1,Highway,Uttar Pradesh,completed,compensation
PRJ-01423,Low,52,58,113,63,33,54,56,3.55,47,1,9.0,4.0,449373.0,377249.0,0.8395,343,155,82.2,629,0,1,0,Railway,Telangana,on_hold,encroachment
PRJ-01424,Medium,85,56,163,73,82,98,52,5.77,2,0,48.8,2.1,5026309.0,3962742.0,0.7884,212,50,64.3,795,1,1,1,Resettlement,Rajasthan,on_hold,legal_challenge
PRJ-01425,Low,54,59,161,47,55,43,41,5.8,3,0,25.7,0.7,146418.0,133270.0,0.9102,382,214,70.7,457,1,1,1,Railway,Karnataka,planned,title_dispute
PRJ-01426,High,103,66,142,49,80,92,53,8.91,142,1,19.4,4.4,114941.0,50517.0,0.4395,414,41,25.8,425,0,1,0,Power Line,Telangana,active,none
PRJ-01427,High,73,56,130,89,108,81,68,9.76,24,2,19.2,6.1,460717.0,127941.0,0.2777,138,36,36.2,469,0,0,1,Railway,Gujarat,planned,boundary
PRJ-01428,High,75,39,106,115,85,73,54,9.44,168,1,49.9,2.7,658235.0,227420.0,0.3455,324,114,47.1,616,1,1,0,Industrial,Gujarat,active,title_dispute
PRJ-01429,Medium,48,58,143,74,79,106,41,2.3,47,0,43.8,2.2,80391.0,53597.0,0.6667,21,12,60.8,799,1,0,0,Border Infrastructure,West Bengal,active,title_dispute
PRJ-01430,Medium,54,53,108,84,79,44,39,4.57,105,0,8.3,1.9,157415.0,129269.0,0.8212,47,25,89.8,646,0,0,0,Power Line,Maharashtra,planned,none
PRJ-01431,High,97,71,165,99,101,95,78,3.58,243,0,19.3,5.6,822332.0,0.0,0.0,373,44,26.1,580,0,1,0,Power Line,Andhra Pradesh,on_hold,none
PRJ-01432,Medium,87,55,76,49,68,65,44,8.01,11,2,30.6,0.7,685872.0,320851.0,0.4678,421,49,77.6,742,0,1,1,Power Line,Andhra Pradesh,on_hold,boundary
PRJ-01433,Medium,90,57,125,50,112,112,74,10.79,10,2,43.2,1.5,2558314.0,785402.0,0.307,199,74,78.6,659,0,0,0,Industrial,Karnataka,active,boundary
PRJ-01434,Medium,92,46,102,78,106,74,52,3.95,122,1,40.9,3.6,75574.0,49546.0,0.6556,50,14,78.6,664,0,0,1,Power Line,Maharashtra,on_hold,compensation
PRJ-01435,High,78,55,164,100,94,49,64,10.21,208,2,49.9,6.9,193890.0,68346.0,0.3525,169,49,17.8,425,0,1,0,Industrial,Karnataka,completed,compensation
PRJ-01436,High,89,62,76,100,80,118,56,3.07,228,5,17.0,2.2,29006.0,0.0,0.0,32,10,32.7,523,1,1,0,Power Line,Uttar Pradesh,planned,legal_challenge
PRJ-01437,High,68,77,148,37,116,121,73,4.22,251,6,27.3,0.6,458380.0,179685.0,0.392,99,9,18.2,431,0,0,1,Border Infrastructure,Andhra Pradesh,on_hold,none
PRJ-01438,High,85,80,165,65,94,130,80,1.65,1,3,13.1,4.3,86130.0,21214.0,0.2463,325,190,0.0,729,1,0,1,Resettlement,Uttar Pradesh,planned,legal_challenge
PRJ-01439,Medium,99,52,100,68,75,70,39,7.73,18,1,53.4,1.7,590925.0,400470.0,0.6777,336,17,98.3,537,1,1,0,Border Infrastructure,Madhya Pradesh,active,legal_challenge
PRJ-01440,High,78,83,111,105,71,115,40,13.0,58,5,7.5,1.4,39301.0,17689.0,0.4501,297,153,6.1,741,1,1,1,Power Line,Tamil Nadu,completed,legal_challenge
PRJ-01441,High,100,67,111,77,79,127,42,13.95,49,3,17.0,0.8,214553.0,14075.0,0.0656,374,216,41.5,670,0,0,1,Highway,Tamil Nadu,active,encroachment
PRJ-01442,High,95,68,138,116,97,118,71,11.36,122,4,13.6,2.3,14501.0,3577.0,0.2467,85,24,14.0,784,0,0,1,Highway,Rajasthan,completed,none
PRJ-01443,High,73,73,139,120,50,87,58,13.71,135,3,23.1,0.5,435946.0,251759.0,0.5775,283,154,10.7,550,1,1,0,Industrial,Maharashtra,completed,compensation
PRJ-01444,Medium,62,35,85,69,44,91,88,7.3,58,1,10.5,2.4,66316.0,35466.0,0.5348,267,122,70.9,671,0,1,0,Border Infrastructure,Karnataka,completed,boundary
PRJ-01445,High,96,72,133,127,80,68,76,3.88,184,1,20.4,3.4,1335388.0,517997.0,0.3879,430,337,17.9,569,1,1,1,Resettlement,Karnataka,active,legal_challenge
PRJ-01446,High,71,64,73,84,81,62,47,8.93,13,2,30.5,3.3,26321.0,5796.0,0.2202,356,182,36.8,549,1,0,0,Border Infrastructure,Tamil Nadu,planned,title_dispute
PRJ-01447,Medium,63,66,123,56,65,72,50,3.12,41,0,34.8,3.8,229558.0,160369.0,0.6986,207,120,31.9,472,1,1,1,Resettlement,Gujarat,active,legal_challenge
PRJ-01448,Medium,89,42,149,99,96,143,59,1.85,29,3,10.1,2.7,44012.0,28243.0,0.6417,29,14,14.9,501,1,1,1,Highway,Karnataka,completed,legal_challenge
PRJ-01449,Medium,63,53,69,90,62,101,67,1.02,44,1,17.7,2.9,57970.0,39814.0,0.6868,120,3,63.7,608,0,1,0,Power Line,Karnataka,active,encroachment
PRJ-01450,Critical,88,78,122,56,84,140,72,1.71,47,6,58.1,0.5,5296581.0,905715.0,0.171,496,198,13.2,608,0,1,0,Railway,Telangana,completed,boundary
PRJ-01451,High,46,78,139,98,89,115,51,9.41,12,0,28.0,1.9,89264.0,0.0,0.0,176,109,15.7,457,0,1,1,Highway,Maharashtra,active,compensation
PRJ-01452,Medium,65,50,136,46,54,63,86,5.28,90,2,36.4,2.6,157799.0,143786.0,0.9112,140,81,40.4,705,1,0,1,Highway,Andhra Pradesh,active,title_dispute
PRJ-01453,Medium,72,48,100,93,51,90,71,11.08,65,0,11.6,6.5,473170.0,307844.0,0.6506,458,21,70.6,559,0,1,1,Highway,Uttar Pradesh,active,encroachment
PRJ-01454,Medium,46,76,133,83,58,115,64,2.89,62,1,24.8,4.8,118636.0,72926.0,0.6147,208,88,29.0,575,0,1,0,Power Line,Andhra Pradesh,on_hold,none
PRJ-01455,Low,93,41,113,111,36,104,47,2.81,17,1,41.2,6.0,89953.0,82739.0,0.9198,80,4,100.0,631,1,1,1,Industrial,Uttar Pradesh,active,title_dispute
PRJ-01456,High,64,77,130,90,91,88,59,3.27,104,1,45.3,1.7,27019680.0,6560378.0,0.2428,271,116,31.8,782,1,1,1,Highway,Karnataka,on_hold,none
PRJ-01457,Critical,86,88,104,119,111,126,84,21.02,204,5,23.5,4.2,313630.0,0.0,0.0,499,315,0.0,423,0,0,1,Resettlement,Maharashtra,active,encroachment
PRJ-01458,Critical,91,78,72,123,94,84,80,5.97,26,7,21.7,4.4,103796.0,0.0,0.0,458,74,32.5,599,0,1,0,Border Infrastructure,Tamil Nadu,planned,none
PRJ-01459,Medium,64,72,119,128,47,88,68,3.12,74,1,38.0,1.8,70837.0,58164.0,0.8211,56,42,75.6,793,1,1,0,Border Infrastructure,Maharashtra,active,title_dispute
PRJ-01460,Medium,71,78,148,90,30,124,45,0.64,122,0,18.4,2.5,309071.0,138186.0,0.4471,253,126,53.2,648,1,1,1,Highway,West Bengal,completed,legal_challenge
PRJ-01461,Medium,47,64,93,76,70,83,62,8.37,56,0,41.4,3.3,52790.0,37713.0,0.7144,153,91,82.3,420,1,1,1,Power Line,Andhra Pradesh,active,legal_challenge
PRJ-01462,Medium,58,56,130,38,96,73,72,4.35,41,2,7.1,2.8,214643.0,132070.0,0.6153,446,238,65.7,681,0,1,1,Highway,Andhra Pradesh,completed,compensation
PRJ-01463,High,63,68,98,72,87,143,78,15.24,202,0,37.6,2.7,126526.0,51445.0,0.4066,32,2,39.3,589,0,1,1,Highway,Uttar Pradesh,active,compensation
PRJ-01464,Medium,51,57,119,97,114,72,58,2.42,19,2,12.3,4.1,480219.0,415149.0,0.8645,151,69,36.8,408,1,1,1,Highway,Telangana,on_hold,legal_challenge
PRJ-01465,Critical,81,86,156,119,105,119,80,1.74,272,4,8.0,5.4,23813.0,464.0,0.0195,397,198,12.0,592,0,1,1,Resettlement,Madhya Pradesh,active,encroachment
PRJ-01466,High,90,82,157,133,109,102,63,1.65,134,1,8.2,1.0,68037.0,19071.0,0.2803,279,174,22.7,696,0,1,1,Power Line,Andhra Pradesh,completed,none
PRJ-01467,Low,116,48,150,95,79,60,43,1.22,5,0,15.6,1.0,34790.0,21298.0,0.6122,296,146,100.0,499,0,1,1,Railway,West Bengal,planned,boundary
PRJ-01468,Medium,81,67,134,48,55,83,53,4.01,115,0,27.6,3.1,2806507.0,1998233.0,0.712,213,106,60.6,411,0,1,1,Resettlement,Gujarat,active,encroachment
PRJ-01469,High,106,67,101,113,90,47,45,1.28,11,5,13.6,2.6,237213.0,97542.0,0.4112,94,56,24.8,558,0,1,1,Power Line,Uttar Pradesh,planned,encroachment
PRJ-01470,High,51,63,150,73,52,86,60,10.46,122,1,21.8,2.5,400553.0,310789.0,0.7759,465,353,9.7,470,1,1,0,Industrial,Telangana,on_hold,title_dispute
PRJ-01471,Critical,93,39,137,118,67,89,57,5.76,325,0,8.9,4.2,389579.0,0.0,0.0,77,55,8.2,689,0,0,1,Resettlement,Maharashtra,planned,boundary
PRJ-01472,High,113,46,129,141,78,120,39,8.96,212,1,43.2,1.9,262173.0,91472.0,0.3489,227,120,31.7,447,1,1,1,Industrial,Andhra Pradesh,completed,legal_challenge
PRJ-01473,Low,38,41,125,70,101,66,57,6.82,8,0,33.0,2.0,161079.0,161079.0,1.0,292,112,100.0,618,1,1,1,Resettlement,Uttar Pradesh,completed,title_dispute
PRJ-01474,Medium,49,32,96,88,80,109,76,0.84,20,1,27.7,2.1,18820.0,11516.0,0.6119,436,66,80.2,536,1,1,1,Industrial,Tamil Nadu,on_hold,legal_challenge
PRJ-01475,High,81,72,133,76,53,85,43,1.55,13,1,39.0,1.2,90114.0,3929.0,0.0436,249,149,43.4,400,1,0,1,Resettlement,Telangana,on_hold,title_dispute
PRJ-01476,Low,64,58,67,62,43,92,69,4.54,1,0,20.5,2.6,319399.0,301704.0,0.9446,431,337,73.4,598,0,1,0,Border Infrastructure,Andhra Pradesh,completed,encroachment
PRJ-01477,Critical,65,54,111,131,51,148,72,3.03,181,7,34.9,6.0,252784.0,5637.0,0.0223,33,16,0.0,542,1,1,1,Resettlement,Telangana,planned,none
PRJ-01478,Medium,65,41,94,65,83,81,69,1.11,40,3,44.0,4.7,1530474.0,1027866.0,0.6716,105,73,54.7,626,0,1,1,Power Line,Karnataka,on_hold,none
PRJ-01479,Low,43,51,76,102,55,78,63,4.47,4,0,54.2,1.4,479582.0,479582.0,1.0,231,110,86.0,600,0,1,1,Industrial,West Bengal,on_hold,boundary
PRJ-01480,High,82,72,125,108,79,106,75,2.38,204,1,14.9,3.5,29194.0,1527.0,0.0523,181,2,32.6,447,0,1,0,Power Line,Tamil Nadu,completed,encroachment
PRJ-01481,High,87,71,116,104,88,79,44,0.83,174,0,54.2,3.0,919186.0,439739.0,0.4784,398,247,36.6,411,0,1,0,Border Infrastructure,Madhya Pradesh,planned,compensation
PRJ-01482,Medium,78,37,137,57,68,112,65,8.07,20,0,5.3,2.0,27765.0,18852.0,0.679,493,367,56.4,583,0,0,1,Industrial,Karnataka,active,compensation
PRJ-01483,Critical,71,73,133,131,110,97,76,4.36,219,0,35.2,1.9,108459.0,0.0,0.0,109,74,6.3,484,1,1,1,Highway,Uttar Pradesh,completed,legal_challenge
PRJ-01484,Medium,65,65,159,103,53,126,53,1.96,42,2,31.1,0.8,17268.0,12271.0,0.7106,126,83,71.4,742,0,1,0,Railway,Karnataka,active,none
PRJ-01485,Medium,53,60,122,79,69,80,38,7.7,8,1,41.9,1.3,96987.0,92846.0,0.9573,156,38,59.7,703,1,1,0,Border Infrastructure,West Bengal,planned,compensation
PRJ-01486,Medium,46,58,167,65,90,145,57,10.77,6,0,51.5,2.5,76434.0,50385.0,0.6592,225,49,86.7,427,0,1,1,Highway,West Bengal,active,encroachment
PRJ-01487,Medium,68,64,101,72,77,86,53,4.6,38,3,49.9,1.4,19536.0,11794.0,0.6037,384,242,44.4,741,0,1,1,Highway,Rajasthan,completed,encroachment
PRJ-01488,Low,93,39,81,46,43,115,74,4.94,23,0,36.0,1.5,203541.0,126969.0,0.6238,428,62,72.9,721,1,1,1,Highway,Karnataka,active,title_dispute
PRJ-01489,High,73,61,140,85,68,116,74,2.46,137,3,50.4,1.5,9008.0,3555.0,0.3947,124,75,26.5,518,1,1,0,Border Infrastructure,Andhra Pradesh,active,legal_challenge
PRJ-01490,High,94,76,170,56,64,116,66,1.91,111,4,20.4,1.9,931999.0,93666.0,0.1005,19,5,41.6,693,1,1,0,Railway,Karnataka,active,legal_challenge
PRJ-01491,High,73,65,139,102,81,95,64,14.35,40,4,53.8,0.2,1679714.0,400948.0,0.2387,249,139,32.9,606,0,1,0,Border Infrastructure,Maharashtra,completed,encroachment
PRJ-01492,High,119,39,125,64,54,123,64,2.69,146,6,19.1,2.8,313326.0,92118.0,0.294,78,5,22.4,487,1,1,1,Industrial,Andhra Pradesh,planned,boundary
PRJ-01493,High,58,69,131,65,73,48,82,11.77,163,0,33.7,2.7,244750.0,90925.0,0.3715,402,107,0.0,629,1,1,1,Highway,Tamil Nadu,completed,title_dispute
PRJ-01494,Low,102,81,110,46,38,123,46,5.7,24,0,39.4,2.7,85792.0,76569.0,0.8925,42,32,92.6,471,1,1,1,Border Infrastructure,Rajasthan,active,title_dispute
PRJ-01495,High,111,57,106,73,57,147,55,9.97,206,2,40.3,2.1,305830.0,164292.0,0.5372,125,42,44.2,711,1,1,0,Railway,Madhya Pradesh,planned,legal_challenge
PRJ-01496,High,88,77,172,121,56,84,72,1.96,14,2,43.6,0.3,121902.0,27867.0,0.2286,344,231,26.7,621,0,1,0,Industrial,Maharashtra,active,none
PRJ-01497,Critical,82,50,161,140,82,126,66,12.27,151,7,9.6,3.3,29641.0,3924.0,0.1324,288,145,6.1,731,1,0,1,Resettlement,Andhra Pradesh,active,boundary
PRJ-01498,High,69,70,97,115,90,138,80,10.78,156,0,6.5,4.2,209313.0,49147.0,0.2348,187,138,14.6,520,0,1,1,Railway,Andhra Pradesh,completed,none
PRJ-01499,Critical,48,69,160,133,91,65,65,11.1,215,3,45.3,1.3,4317.0,150.0,0.0347,199,124,8.7,714,1,1,0,Railway,Gujarat,active,none
PA-6001,High,22,58,120,110,114,47,113,410.38,289,0,21.0,46.9,155006691.0,52702274.0,0.34,302,66,0.0,529,1,1,0,Highway,Delhi,Under Scrutiny,Environmental Objection
PA-6002,Medium,54,56,103,98,94,80,99,136.41,0,3,33.0,18.8,281724977.0,126776239.0,0.45,300,100,0.0,529,0,1,0,Industrial Corridor,Delhi,Under Scrutiny,none
PA-6003,Medium,41,35,125,39,111,80,83,216.15,0,0,46.0,61.8,158598835.0,38063720.0,0.24,234,27,62.0,557,0,0,1,Urban Development,Delhi,Closed,none
PA-6004,Critical,54,44,103,37,67,76,56,386.31,325,2,67.0,34.2,494240403.0,425046746.0,0.86,197,11,21.0,443,1,0,1,Irrigation,Delhi,Under Scrutiny,Compensation Dispute
PA-6005,Medium,24,59,124,59,41,102,115,16.66,0,0,45.0,70.0,465227600.0,325659320.0,0.7,214,92,22.0,426,0,0,1,Urban Development,Delhi,Preliminary Notification Issued,none
PA-6006,High,28,86,60,44,83,46,53,232.33,0,0,81.0,43.4,508400257.0,238948120.0,0.47,266,80,8.0,380,0,0,1,Irrigation,Delhi,Proposed,none
PA-6007,High,34,40,58,43,83,73,101,24.35,0,2,87.0,41.0,211900842.0,50856202.0,0.24,269,120,61.0,557,0,0,1,Railway,Delhi,Preliminary Notification Issued,none
PA-6008,Low,29,54,70,81,69,65,106,415.79,0,1,56.0,87.2,461925851.0,355682905.0,0.77,292,77,81.0,506,0,1,1,Highway,Delhi,Under Scrutiny,none
PA-6009,High,45,30,101,74,122,50,55,208.6,0,1,54.0,91.2,471524801.0,99020208.0,0.21,72,10,26.0,479,0,0,1,Urban Development,Delhi,Closed,none
PA-6010,High,45,74,59,100,110,56,42,228.27,111,2,26.0,12.3,579669927.0,463735941.0,0.8,94,27,0.0,383,1,1,0,Highway,Delhi,Closed,Environmental Objection
PA-6011,High,57,96,93,94,56,108,59,368.49,153,1,51.0,32.0,529911297.0,434527263.0,0.82,51,21,58.0,514,1,0,1,Railway,Delhi,Award Passed,Tribal Land Rights Objection
PA-6012,High,18,61,64,65,45,52,104,322.8,0,2,81.0,15.2,636572693.0,362846435.0,0.57,267,97,71.0,495,0,0,1,Railway,Delhi,Preliminary Notification Issued,none
PA-6013,Low,27,87,57,83,55,90,96,188.48,0,1,71.0,53.2,345918391.0,245602057.0,0.71,152,63,0.0,460,0,1,0,Urban Development,Delhi,Award Passed,none
PA-6014,High,40,73,93,55,85,80,51,239.39,269,2,22.0,43.9,603192278.0,168893837.0,0.28,134,15,65.0,473,1,1,1,Railway,Delhi,Preliminary Notification Issued,Ownership Dispute
PA-6015,High,58,63,91,49,108,105,113,51.23,83,3,44.0,13.4,274939322.0,101727549.0,0.37,86,32,0.0,506,1,1,0,Urban Development,Delhi,Under Scrutiny,Ownership Dispute
PA-6016,High,41,64,119,46,45,107,70,35.4,0,2,20.0,61.7,318808762.0,63761752.0,0.2,82,18,70.0,408,0,0,1,Highway,Delhi,Proposed,none
PA-6017,Medium,50,54,105,90,71,97,53,280.89,0,1,44.0,39.5,99502484.0,94527359.0,0.95,38,2,0.0,548,0,0,0,Urban Development,Delhi,Award Passed,none
PA-6018,Medium,31,85,60,37,50,88,104,113.1,0,4,91.0,21.9,453181306.0,425990427.0,0.94,86,4,0.0,551,0,1,0,Urban Development,Delhi,Declaration Issued,none
PA-6019,High,32,94,123,55,71,104,40,73.27,310,1,14.0,92.1,412374551.0,131959856.0,0.32,113,5,60.0,403,1,1,1,Irrigation,Delhi,Proposed,Compensation Dispute
PA-6020,Low,56,48,45,95,120,94,104,245.23,0,0,29.0,65.9,498240125.0,378662495.0,0.76,273,29,0.0,415,0,1,0,Irrigation,Delhi,Under Scrutiny,none
PA-6021,Critical,44,38,104,98,51,107,48,357.68,214,1,58.0,81.0,134524949.0,87441216.0,0.65,292,94,0.0,501,1,0,1,Renewable Energy,Delhi,Under Scrutiny,Ownership Dispute
PA-6022,Medium,59,68,119,102,57,41,101,408.87,0,0,46.0,75.2,292912401.0,61511604.0,0.21,95,17,0.0,395,0,1,0,Renewable Energy,Delhi,Closed,none
PA-6023,Medium,43,64,89,56,66,49,114,121.03,0,1,80.0,26.9,172185305.0,154966774.0,0.9,28,4,64.0,403,0,0,1,Irrigation,Jammu and Kashmir,Closed,none
PA-6024,Medium,24,83,84,78,80,55,82,354.84,0,1,72.0,43.5,250795036.0,37619255.0,0.15,271,87,93.0,380,0,1,1,Urban Development,Jammu and Kashmir,Under Scrutiny,none
PA-6025,Critical,33,49,71,64,95,105,80,332.98,229,3,85.0,16.5,539618139.0,404713604.0,0.75,44,7,84.0,428,1,0,1,Highway,Jammu and Kashmir,Award Passed,Boundary Dispute
PA-6026,Medium,50,46,61,90,93,83,76,179.51,0,3,62.0,48.3,228791121.0,153290051.0,0.67,166,40,0.0,456,0,1,0,Renewable Energy,Jammu and Kashmir,Declaration Issued,none
PA-6027,Medium,43,84,57,100,64,71,51,51.89,0,2,74.0,87.0,613731058.0,362101324.0,0.59,251,103,0.0,424,0,1,0,Industrial Corridor,Jammu and Kashmir,Preliminary Notification Issued,none
PA-6028,High,28,41,74,61,89,91,97,66.54,137,0,53.0,73.9,614880087.0,227505632.0,0.37,204,20,80.0,490,1,1,1,Railway,Jammu and Kashmir,Possession Taken,Tribal Land Rights Objection
PA-6029,Critical,59,88,50,100,45,40,56,276.43,269,1,41.0,76.6,320303866.0,86482043.0,0.27,287,125,92.0,439,1,0,1,Industrial Corridor,Jammu and Kashmir,Proposed,Tribal Land Rights Objection
PA-6030,Critical,32,70,122,61,100,107,70,404.05,298,2,34.0,43.0,320070455.0,249654954.0,0.78,20,1,58.0,520,1,0,1,Urban Development,Jammu and Kashmir,Under Scrutiny,Compensation Dispute
PA-6031,High,47,38,66,93,65,79,64,122.33,247,2,39.0,51.9,442980106.0,318945676.0,0.72,205,66,37.0,439,1,0,1,Railway,Jammu and Kashmir,Possession Taken,Ownership Dispute
PA-6032,Low,24,83,46,37,63,90,97,419.0,0,0,17.0,90.6,237177606.0,211088069.0,0.89,47,6,0.0,460,0,0,0,Urban Development,Jammu and Kashmir,Declaration Issued,none
PA-6033,Critical,22,56,88,75,79,95,51,94.26,221,4,66.0,24.4,83082418.0,17447307.0,0.21,61,11,0.0,392,1,0,0,Urban Development,Jammu and Kashmir,Proposed,Boundary Dispute
PA-6034,Low,31,54,48,107,83,86,74,121.18,0,0,90.0,75.2,123647055.0,55641174.0,0.45,257,19,0.0,465,0,1,0,Irrigation,Jammu and Kashmir,Proposed,none
PA-6035,High,26,31,78,49,117,70,81,332.45,84,1,69.0,91.1,495017094.0,386113333.0,0.78,240,90,63.0,461,1,1,1,Irrigation,Jammu and Kashmir,Under Scrutiny,Ownership Dispute
PA-6036,High,41,93,130,87,62,69,57,375.96,276,1,51.0,23.7,538009152.0,462687870.0,0.86,56,8,12.0,486,1,1,1,Railway,Jammu and Kashmir,Possession Taken,Environmental Objection
PA-6037,Critical,52,54,81,38,90,72,71,278.1,167,3,43.0,26.9,345675002.0,103702500.0,0.3,140,15,0.0,509,1,1,0,Renewable Energy,Jammu and Kashmir,Award Passed,Tribal Land Rights Objection
PA-6038,Low,27,39,87,95,62,97,117,57.84,0,1,67.0,87.7,123338216.0,104837483.0,0.85,139,13,74.0,446,0,1,1,Highway,Jammu and Kashmir,Closed,none
PA-6039,High,19,56,44,93,110,101,48,283.93,160,3,93.0,87.7,92219006.0,74697394.0,0.81,229,73,39.0,484,1,1,1,Highway,Jammu and Kashmir,Compensation Disbursed,Ownership Dispute
PA-6040,High,38,55,90,81,66,40,95,347.25,187,2,16.0,36.6,463520951.0,222490056.0,0.48,29,11,0.0,420,1,1,0,Railway,Jammu and Kashmir,Award Passed,Compensation Dispute
PA-6041,Critical,21,79,102,55,78,56,45,261.1,233,1,89.0,88.8,621663093.0,180282296.0,0.29,198,32,8.0,503,1,1,1,Railway,Jammu and Kashmir,Proposed,Ownership Dispute
PA-6042,Medium,37,45,59,61,64,45,111,62.68,0,3,35.0,80.5,276457752.0,165874651.0,0.6,41,8,49.0,552,0,0,1,Urban Development,Jammu and Kashmir,Declaration Issued,none
PA-6043,Medium,44,60,97,109,98,62,100,67.02,0,1,94.0,41.2,620713189.0,310356594.0,0.5,31,1,0.0,482,0,1,0,Irrigation,Jammu and Kashmir,Award Passed,none
PA-6044,Low,23,33,48,108,128,54,64,402.44,0,1,50.0,76.1,629199335.0,132131860.0,0.21,278,113,0.0,413,0,1,0,Urban Development,Jammu and Kashmir,Proposed,none
PA-6045,Low,28,63,118,94,70,80,87,178.4,0,2,51.0,86.2,375271046.0,326485810.0,0.87,253,27,61.0,389,0,1,1,Railway,Meghalaya,Compensation Disbursed,none
PA-6046,Low,31,98,120,80,87,73,88,160.9,0,0,56.0,92.1,566446482.0,334203424.0,0.59,316,102,0.0,474,0,1,0,Railway,Meghalaya,Under Scrutiny,none
PA-6047,Low,42,83,105,76,46,56,102,24.03,0,1,91.0,92.1,415704106.0,307621038.0,0.74,37,5,80.0,438,0,1,1,Renewable Energy,Meghalaya,Award Passed,none
PA-6048,High,43,42,48,48,125,74,91,276.2,331,1,56.0,63.0,589921940.0,165178143.0,0.28,27,11,19.0,447,1,1,1,Urban Development,Meghalaya,Declaration Issued,Compensation Dispute
PA-6049,High,27,48,92,55,106,104,93,140.3,52,2,13.0,44.5,335194939.0,93854582.0,0.28,73,4,0.0,536,1,1,0,Urban Development,Meghalaya,Closed,Environmental Objection
PA-6050,Critical,59,63,46,64,121,110,95,408.62,268,1,93.0,48.5,322610256.0,306479743.0,0.95,153,21,42.0,555,1,1,1,Renewable Energy,Meghalaya,Proposed,Boundary Dispute
PA-6051,Critical,59,98,100,90,107,40,43,245.99,133,3,51.0,26.3,497371153.0,203922172.0,0.41,142,28,0.0,491,1,0,0,Railway,Meghalaya,Proposed,Ownership Dispute
PA-6052,High,55,35,129,38,45,48,115,375.97,87,1,30.0,39.3,232301247.0,164933885.0,0.71,35,2,0.0,473,1,1,0,Urban Development,Meghalaya,Preliminary Notification Issued,Environmental Objection
PA-6053,Critical,28,67,80,73,94,73,42,34.61,87,4,91.0,17.4,388555913.0,205934633.0,0.53,87,7,0.0,469,1,1,0,Renewable Energy,Meghalaya,Under Scrutiny,Ownership Dispute
PA-6054,Medium,28,41,113,66,61,95,40,323.68,0,0,62.0,12.7,636866524.0,490387223.0,0.77,197,46,72.0,514,0,1,1,Urban Development,Meghalaya,Award Passed,none
PA-6055,High,22,40,102,101,53,81,85,376.2,0,1,75.0,32.1,250612594.0,95232785.0,0.38,129,54,21.0,404,0,0,1,Industrial Corridor,Meghalaya,Closed,none
PA-6056,Critical,43,100,81,51,99,96,72,150.29,286,2,90.0,29.9,574896208.0,143724052.0,0.25,37,7,19.0,528,1,1,1,Irrigation,Meghalaya,Award Passed,Tribal Land Rights Objection
PA-6057,High,21,51,124,43,65,89,59,311.98,0,0,87.0,54.4,252791213.0,85949012.0,0.34,116,17,0.0,417,0,0,0,Renewable Energy,Meghalaya,Preliminary Notification Issued,none
PA-6058,Medium,24,62,117,81,40,71,95,318.39,0,1,11.0,43.9,548718430.0,384102901.0,0.7,276,122,2.0,559,0,1,1,Highway,Meghalaya,Declaration Issued,none
PA-6059,Low,55,50,72,84,101,98,42,224.89,0,1,50.0,32.1,185083685.0,161022805.0,0.87,144,52,0.0,539,0,1,0,Renewable Energy,Meghalaya,Preliminary Notification Issued,none
PA-6060,Medium,44,99,66,90,105,42,87,315.55,0,1,42.0,56.2,252703437.0,181946474.0,0.72,122,31,73.0,513,0,1,1,Highway,Meghalaya,Closed,none
PA-6061,Medium,52,63,53,58,78,91,107,202.16,0,1,58.0,44.0,94289723.0,19800841.0,0.21,235,70,0.0,436,0,1,0,Industrial Corridor,Meghalaya,Compensation Disbursed,none
PA-6062,High,45,75,69,64,130,88,72,210.04,0,2,28.0,40.0,523762976.0,272356747.0,0.52,170,60,0.0,489,0,0,0,Renewable Energy,Meghalaya,Closed,none
PA-6063,Medium,35,47,107,74,121,41,41,116.26,0,1,94.0,86.2,244017456.0,217175535.0,0.89,217,15,0.0,433,0,0,0,Irrigation,Meghalaya,Closed,none
PA-6064,Medium,55,68,65,93,128,67,107,286.85,0,2,61.0,77.3,260294956.0,166588771.0,0.64,66,20,0.0,400,0,1,0,Railway,Meghalaya,Compensation Disbursed,none
PA-6065,Medium,15,50,81,89,129,103,77,184.62,0,1,69.0,87.0,607606912.0,212662419.0,0.35,104,27,0.0,499,0,1,0,Railway,Meghalaya,Closed,none
PA-6066,Medium,60,83,120,46,83,52,86,239.42,0,1,52.0,78.7,180905667.0,101307173.0,0.56,268,94,27.0,467,0,0,1,Renewable Energy,Meghalaya,Proposed,none
